"Births by County, statistical indicator and Year"

" "," ","1985","1986","1987","1988","1989","1990","1991","1992","1993","1994","1995","1996","1997","1998","1999","2000","2001","2002","2003","2004","2005","2006","2007","2008","2009","2010","2011","2012","2013","2014","2015","2016"
"Dublin City"
" ","All Births (Number)",6645,7320,6890,6717,6462,6518,6782,6687,6562,6278,6185,6275,6379,7023,6622,6919,7013,6976,6834,6766,6527,6548,7330,7672,7986,8236,8080,7894,7835,7774,7557,7273
" ","First Births (Number)",..,..,..,..,2739,2763,2777,2858,2913,2676,2617,2714,2804,3215,3109,3151,3133,3246,3193,3032,3041,3084,3584,3748,4124,4156,3959,3796,3635,..,..,..
" ","Births within Marriage (Number)",5132,5401,4944,4751,4497,4393,4393,4308,3961,3803,3640,3509,3500,3764,3447,3668,3909,3808,3806,3739,3546,3567,3940,4180,4533,4658,4591,4392,4422,4405,4326,4213
" ","Births outside Marriage (Number)",1513,1919,1946,1966,1965,2125,2389,2379,2601,2475,2545,2766,2879,3259,3175,3251,3104,3168,3028,3027,2981,2981,3390,3492,3453,3578,3489,3502,3413,3369,3231,3060
" ","Average Age of Mother (Years)",28.0,27.9,28.0,28.0,28.1,28.3,28.3,28.4,28.4,28.7,28.9,29.0,29.1,29.1,29.2,29.3,29.1,29.2,29.5,30.0,30.1,30.4,30.4,30.5,30.8,31.0,31.2,31.5,31.8,32.0,32.2,32.6
" ","Average Age of First Time Mother (Years)",..,..,..,..,25.3,25.5,24.5,25.6,25.9,26.2,26.3,26.4,26.6,26.6,26.8,26.8,26.7,27.0,27.4,28.0,28.1,28.4,28.5,28.6,28.9,29.3,29.6,30.0,30.5,30.8,31.0,31.2
"Fingal"
" ","All Births (Number)",..,3111,2990,2886,2712,2768,2832,2564,2539,2782,2775,2700,2769,2929,3224,2915,3485,3909,4334,4385,4327,4777,5289,5432,5511,5542,5562,5569,5304,5124,4949,4910
" ","First Births (Number)",..,..,..,..,860,976,497,894,896,1022,1074,1052,1135,1144,1421,1223,1464,1626,1798,1764,1851,2000,2254,2403,2315,2344,2300,2199,2041,..,..,..
" ","Births within Marriage (Number)",..,2897,2771,2645,2462,2457,2452,2188,2140,2301,2247,2128,2118,2164,2220,2084,2434,2773,3036,3093,3070,3318,3661,3741,3837,3814,3742,3743,3563,3423,3285,3304
" ","Births outside Marriage (Number)",..,214,219,241,250,311,380,376,399,481,528,572,651,765,1004,831,1051,1136,1298,1292,1257,1459,1628,1691,1674,1728,1820,1826,1741,1701,1664,1606
" ","Average Age of Mother (Years)",..,29.7,29.5,29.8,30.1,29.8,30.0,30.2,30.3,30.2,30.3,30.5,30.4,30.5,30.2,30.5,30.8,30.9,30.7,30.9,31.0,31.2,31.1,31.4,31.5,31.7,31.9,32.2,32.4,32.7,32.8,33.1
" ","Average Age of First Time Mother (Years)",..,..,..,..,27.3,27.2,24.9,27.3,27.5,27.5,27.8,28.0,27.8,27.7,27.7,28.0,28.5,28.3,28.7,29.1,29.2,29.4,29.3,29.5,29.7,29.9,30.3,30.5,30.7,31.0,31.3,31.4
"Dun Laoghaire Rathdown"
" ","All Births (Number)",878,2338,2426,2429,2383,2493,2673,2414,2298,2533,2592,2680,2801,2706,2597,2583,2334,2261,2400,2288,2371,2396,2637,2731,2884,2828,2842,2796,2798,2826,2819,2789
" ","First Births (Number)",..,..,..,..,957,1004,576,973,867,936,997,1084,1084,1038,1029,1007,918,859,975,951,939,1039,1111,1213,1333,1275,1255,1227,1151,..,..,..
" ","Births within Marriage (Number)",754,2016,2067,2038,2020,2103,2227,2007,1890,2125,2152,2159,2185,2129,1969,1940,1765,1730,1846,1683,1771,1712,1984,2058,2109,2104,2105,2065,2140,2133,2142,2128
" ","Births outside Marriage (Number)",124,322,359,391,363,390,446,407,408,408,440,521,616,577,628,643,569,531,554,605,600,684,653,673,775,724,737,731,658,693,677,661
" ","Average Age of Mother (Years)",29.8,30.0,29.9,29.7,30.2,30.1,30.3,30.6,30.9,31.1,31.4,31.4,31.7,31.7,31.8,31.8,32.2,32.5,32.6,32.6,32.8,33.0,33.3,33.3,33.0,33.2,33.5,33.7,34.0,34.1,34.2,34.5
" ","Average Age of First Time Mother (Years)",..,..,..,..,27.3,27.3,25.4,28.2,28.2,28.6,29.0,29.1,29.4,29.2,29.1,29.2,29.6,30.2,30.3,30.3,30.4,30.7,31.2,31.5,30.9,31.3,31.8,32.0,32.4,32.7,32.6,33.1
"South Dublin"
" ","All Births (Number)",10123,4474,4239,3897,3730,3710,3676,3509,3440,3143,3329,3798,4136,3874,3845,3975,4219,4453,4525,4454,4163,4450,4721,4666,4659,4809,5047,4928,4526,4547,4363,4236
" ","First Births (Number)",..,..,..,..,1159,1172,907,1209,1217,1069,1246,1525,1682,1649,1708,1709,1836,1887,1873,1852,1660,1807,1913,1932,1954,1992,2001,1905,1708,..,..,..
" ","Births within Marriage (Number)",9280,4077,3766,3379,3138,3096,2933,2772,2669,2333,2355,2571,2624,2479,2302,2392,2614,2795,2884,2794,2512,2695,2797,2732,2671,2849,2929,2841,2657,2690,2584,2454
" ","Births outside Marriage (Number)",843,397,473,518,592,614,743,737,771,810,974,1227,1512,1395,1543,1583,1605,1658,1641,1660,1651,1755,1924,1934,1988,1960,2118,2087,1869,1857,1779,1782
" ","Average Age of Mother (Years)",29.3,29.2,29.3,29.3,29.2,29.3,29.4,29.4,29.6,29.3,29.3,29.2,29.1,29.0,29.0,29.2,29.6,29.8,30.0,30.0,30.1,30.2,30.2,30.2,30.2,30.7,30.9,31.0,31.5,31.7,31.9,32.1
" ","Average Age of First Time Mother (Years)",..,..,..,..,26.0,26.2,24.7,26.3,26.7,26.3,26.3,26.4,26.2,26.3,26.3,26.4,27.2,27.4,27.8,28.0,27.7,28.0,27.9,27.8,28.1,28.7,28.9,29.2,29.6,29.8,29.9,29.9
"Carlow"
" ","All Births (Number)",832,864,748,779,679,676,652,665,616,597,548,610,547,663,620,706,731,851,848,793,821,858,986,1085,997,990,992,921,873,927,828,743
" ","First Births (Number)",..,..,..,..,183,229,148,208,199,212,206,232,204,270,259,296,292,335,341,297,333,350,405,425,399,397,354,353,341,..,..,..
" ","Births within Marriage (Number)",773,801,683,699,622,599,542,569,500,484,431,447,408,457,416,451,500,518,545,494,545,546,630,697,591,636,639,553,523,557,487,439
" ","Births outside Marriage (Number)",59,63,65,80,57,77,110,96,116,113,117,163,139,206,204,255,231,333,303,299,276,312,356,388,406,354,353,368,350,370,341,304
" ","Average Age of Mother (Years)",28.8,28.7,28.6,29.0,29.2,28.9,29.1,29.7,29.3,29.5,29.8,29.2,29.5,29.3,29.4,29.5,29.8,29.5,29.8,30.1,30.3,30.2,30.3,30.6,30.6,30.8,30.9,31.0,31.5,31.5,31.8,31.9
" ","Average Age of First Time Mother (Years)",..,..,..,..,25.5,25.7,24.4,25.9,25.9,26.2,26.4,25.5,26.0,26.3,26.3,26.5,27.2,26.5,27.5,27.5,27.8,27.8,28.1,28.1,28.3,28.2,28.3,28.4,29.4,29.5,29.7,29.6
"Kildare"
" ","All Births (Number)",2466,2493,2314,2134,1924,2128,2155,2097,2019,2071,2074,2213,2470,2571,2570,2881,3050,3277,3272,3390,3195,3482,3897,3988,4012,3994,3851,3645,3435,3444,3391,3252
" ","First Births (Number)",..,..,..,..,669,753,404,794,729,790,758,851,954,1048,1055,1182,1227,1301,1322,1356,1284,1387,1586,1662,1711,1650,1460,1403,1255,..,..,..
" ","Births within Marriage (Number)",2290,2326,2143,1920,1729,1880,1858,1743,1685,1696,1670,1691,1858,1925,1912,2096,2230,2405,2410,2439,2326,2487,2794,2752,2766,2744,2674,2412,2321,2260,2282,2126
" ","Births outside Marriage (Number)",176,167,171,214,195,248,297,354,334,375,404,522,612,646,658,785,820,872,862,951,869,995,1103,1236,1246,1250,1177,1233,1114,1184,1109,1126
" ","Average Age of Mother (Years)",29.3,29.5,29.7,29.3,29.8,29.7,29.6,29.5,29.9,29.9,30.3,29.9,30.1,30.2,30.1,30.5,30.6,30.8,31.0,31.0,31.5,31.3,31.5,31.4,31.5,31.7,32.1,32.1,32.3,32.6,32.7,33.0
" ","Average Age of First Time Mother (Years)",..,..,..,..,26.7,26.5,24.1,26.6,27.0,27.2,27.3,27.3,27.4,27.2,27.7,28.1,28.2,28.5,28.9,28.8,29.2,29.1,29.1,29.3,29.5,29.7,30.2,30.1,30.2,30.7,30.8,31.1
"Kilkenny"
" ","All Births (Number)",1286,1259,1264,1160,1114,1127,1063,1046,996,924,943,935,989,1022,983,1047,1115,1106,1138,1130,1129,1195,1277,1412,1421,1456,1425,1388,1336,1315,1219,1168
" ","First Births (Number)",..,..,..,..,350,361,206,307,306,303,306,332,344,382,362,410,437,406,417,442,450,449,503,552,574,596,525,491,472,..,..,..
" ","Births within Marriage (Number)",1190,1139,1148,1063,1019,1025,918,911,869,768,789,777,809,797,725,784,822,800,823,812,810,839,929,1014,985,1000,996,952,892,892,778,781
" ","Births outside Marriage (Number)",96,120,116,97,95,102,145,135,127,156,154,158,180,225,258,263,293,306,315,318,319,356,348,398,436,456,429,436,444,423,441,387
" ","Average Age of Mother (Years)",29.5,29.5,29.7,29.6,30.2,30.0,29.9,30.1,30.6,30.3,30.6,30.6,30.8,30.9,30.6,30.8,30.6,31.0,31.2,31.3,31.6,31.5,31.6,31.7,31.7,31.7,32.1,32.4,32.3,32.5,32.8,32.9
" ","Average Age of First Time Mother (Years)",..,..,..,..,26.7,26.9,24.5,26.8,27.5,26.6,27.3,27.1,27.5,27.8,27.4,27.7,28.0,28.2,28.6,28.9,29.3,29.4,29.4,29.1,29.5,29.4,29.8,30.1,30.2,30.3,30.8,31.0
"Laois"
" ","All Births (Number)",941,937,846,791,798,749,773,670,667,688,692,701,752,761,769,782,851,935,986,1011,928,1061,1284,1362,1403,1426,1346,1276,1224,1185,1182,1109
" ","First Births (Number)",..,..,..,..,218,217,126,210,209,220,239,241,277,285,285,300,325,335,363,396,342,425,512,545,761,663,480,440,394,..,..,..
" ","Births within Marriage (Number)",895,901,779,743,744,688,681,573,573,582,586,566,605,566,567,552,589,657,725,706,670,730,868,907,911,903,855,802,757,714,736,656
" ","Births outside Marriage (Number)",46,36,67,48,54,61,92,97,94,106,106,135,147,195,202,230,262,278,261,305,258,331,416,455,492,523,491,474,467,471,446,453
" ","Average Age of Mother (Years)",29.4,29.4,29.2,29.8,29.6,29.9,29.6,29.4,30.3,30.4,30.1,29.9,30.6,29.8,30.0,30.0,29.6,30.1,30.4,30.7,30.9,30.4,30.4,30.5,30.9,30.8,31.1,31.3,31.6,31.9,31.8,32.1
" ","Average Age of First Time Mother (Years)",..,..,..,..,26.2,26.4,23.3,25.8,26.5,27.0,26.9,26.3,27.1,26.8,27.1,26.7,26.3,27.2,27.6,28.7,28.7,28.1,28.0,28.1,29.6,29.2,29.0,29.1,29.2,29.7,29.5,30.0
"Longford"
" ","All Births (Number)",571,538,530,484,445,479,446,413,397,368,381,402,413,424,420,441,476,545,514,483,486,565,594,725,718,680,635,646,615,571,563,593
" ","First Births (Number)",..,..,..,..,123,131,69,130,110,108,124,130,151,151,141,155,169,178,174,145,161,223,212,244,269,234,225,220,220,..,..,..
" ","Births within Marriage (Number)",549,518,499,445,414,440,403,360,343,321,316,327,343,326,312,320,349,405,380,330,337,386,417,524,474,474,426,422,365,357,340,372
" ","Births outside Marriage (Number)",22,20,31,39,31,39,43,53,54,47,65,75,70,98,108,121,127,140,134,153,149,179,177,201,244,206,209,224,250,214,223,221
" ","Average Age of Mother (Years)",29.3,30.2,30.2,29.9,30.5,29.8,30.2,30.0,29.9,30.4,29.9,30.2,30.4,30.2,30.1,30.3,30.5,30.7,30.2,30.6,30.6,30.6,30.9,30.7,30.4,30.7,31.5,31.3,30.8,31.2,30.9,31.7
" ","Average Age of First Time Mother (Years)",..,..,..,..,27.8,24.9,24.1,25.6,26.1,26.4,26.7,27.1,27.7,27.0,26.4,26.6,27.1,27.5,28.0,27.8,28.0,27.9,28.3,28.5,27.3,28.5,29.2,29.3,28.0,28.9,28.2,29.3
"Louth"
" ","All Births (Number)",1541,1593,1476,1336,1256,1342,1309,1259,1181,1189,1217,1292,1370,1427,1471,1535,1728,1683,1608,1662,1622,1763,1820,1988,1898,1967,1886,1883,1937,1819,1819,1812
" ","First Births (Number)",..,..,..,..,439,421,360,421,397,425,485,535,521,594,606,638,701,669,638,624,633,693,749,790,766,785,721,693,687,..,..,..
" ","Births within Marriage (Number)",1420,1461,1316,1182,1069,1134,1030,1024,925,916,881,902,946,908,896,983,1067,1112,1020,1012,1037,1067,1074,1206,1169,1149,1081,1083,1136,1013,1016,992
" ","Births outside Marriage (Number)",121,132,160,154,187,208,279,235,256,273,336,390,424,519,575,552,661,571,588,650,585,696,746,782,729,818,805,800,801,806,803,820
" ","Average Age of Mother (Years)",28.7,28.8,29.0,28.8,28.9,29.1,28.4,29.1,29.2,29.2,29.1,29.2,29.5,28.7,29.1,29.2,29.2,29.5,29.5,29.9,30.3,30.4,30.2,30.4,30.7,30.5,30.7,31.0,31.4,31.7,31.7,31.8
" ","Average Age of First Time Mother (Years)",..,..,..,..,25.3,25.5,23.5,25.8,25.3,25.9,26.1,26.1,26.2,25.8,26.2,26.3,26.4,27.0,27.1,27.5,27.9,27.7,27.6,27.9,28.1,28.2,28.5,28.5,29.2,29.4,29.2,29.4
"Meath"
" ","All Births (Number)",1990,1936,1788,1642,1574,1604,1598,1505,1480,1391,1436,1510,1699,1693,1816,1921,2235,2347,2614,2683,2704,3020,3506,3599,3517,3603,3527,3188,3180,2982,2799,2805
" ","First Births (Number)",..,..,..,..,462,505,265,475,473,488,492,548,617,670,721,731,940,910,1002,1017,1099,1211,1463,1395,1339,1408,1322,1111,1097,..,..,..
" ","Births within Marriage (Number)",1891,1821,1665,1527,1443,1430,1412,1326,1259,1185,1205,1221,1390,1309,1385,1483,1718,1763,1941,1986,1992,2231,2486,2605,2559,2576,2526,2206,2188,2000,1864,1874
" ","Births outside Marriage (Number)",99,115,123,115,131,174,186,179,221,206,231,289,309,384,431,438,517,584,673,697,712,789,1020,994,958,1027,1001,982,992,982,935,931
" ","Average Age of Mother (Years)",29.7,30.0,29.7,29.9,30.3,30.2,30.2,30.5,30.4,30.4,30.6,30.8,30.9,30.5,30.7,31.2,31.0,31.1,31.3,31.6,31.5,31.6,31.4,31.8,31.8,31.9,32.2,32.4,32.6,32.7,32.8,33.0
" ","Average Age of First Time Mother (Years)",..,..,..,..,26.6,26.5,24.2,26.9,26.7,27.3,27.9,27.4,28.1,27.5,27.7,28.4,28.6,28.6,29.1,29.3,29.3,29.5,29.3,29.3,29.4,29.9,30.1,30.3,30.4,30.7,30.7,30.7
"Offaly"
" ","All Births (Number)",1062,1017,1018,868,817,876,816,845,791,705,808,828,839,906,849,815,958,1020,981,1039,1007,1104,1182,1262,1263,1233,1244,1154,1071,1141,1040,1008
" ","First Births (Number)",..,..,..,..,235,269,131,267,241,208,287,301,292,332,288,314,343,392,341,350,362,446,502,484,533,497,424,415,379,..,..,..
" ","Births within Marriage (Number)",1017,959,955,830,761,790,735,724,675,608,657,662,652,678,610,577,662,704,661,693,656,748,785,853,839,803,802,720,669,693,633,600
" ","Births outside Marriage (Number)",45,58,63,38,56,86,81,121,116,97,151,166,187,228,239,238,296,316,320,346,351,356,397,409,424,430,442,434,402,448,407,408
" ","Average Age of Mother (Years)",29.2,29.1,29.3,29.3,29.3,29.0,29.6,29.5,29.8,29.6,29.6,29.7,29.8,29.8,29.9,29.8,29.8,30.0,30.4,30.4,30.7,30.6,30.5,30.7,30.5,31.0,30.9,31.2,31.4,31.8,31.7,31.8
" ","Average Age of First Time Mother (Years)",..,..,..,..,25.8,25.0,23.2,26.0,25.9,26.5,26.5,26.3,26.4,25.9,26.3,26.4,25.9,27.2,27.5,28.4,27.9,27.9,28.2,28.5,28.4,28.6,28.6,28.9,29.1,29.8,29.8,29.3
"Westmeath"
" ","All Births (Number)",1206,1188,1101,1050,997,967,954,954,991,956,964,949,981,967,1086,1117,1170,1206,1228,1263,1255,1364,1400,1487,1487,1509,1389,1447,1338,1360,1274,1257
" ","First Births (Number)",..,..,..,..,322,334,196,326,327,302,345,340,363,357,406,407,459,431,414,432,458,547,584,608,576,580,508,516,514,..,..,..
" ","Births within Marriage (Number)",1119,1101,1007,955,895,841,816,811,819,786,783,749,741,743,757,774,816,825,879,859,856,927,956,990,1007,993,924,929,857,847,794,798
" ","Births outside Marriage (Number)",87,87,94,95,102,126,138,143,172,170,181,200,240,224,329,343,354,381,349,404,399,437,444,497,480,516,465,518,481,513,480,459
" ","Average Age of Mother (Years)",29.1,29.1,29.3,29.6,29.5,29.3,29.5,29.3,29.6,30.0,29.6,29.4,29.8,30.2,29.9,30.0,30.1,30.2,30.8,30.6,31.0,30.7,30.8,30.8,30.9,31.1,31.2,31.3,31.4,31.9,32.0,32.2
" ","Average Age of First Time Mother (Years)",..,..,..,..,26.1,26.0,23.1,25.5,26.3,26.6,26.6,26.2,26.3,27.4,26.6,26.9,27.8,27.6,28.1,27.9,28.3,28.1,28.4,28.4,28.8,28.8,29.0,29.0,29.6,30.1,29.9,30.6
"Wexford"
" ","All Births (Number)",1897,1850,1849,1686,1597,1637,1668,1586,1469,1400,1478,1517,1574,1638,1707,1616,1769,1852,2008,2002,1996,2174,2276,2528,2415,2290,2296,2218,2059,2096,1988,1901
" ","First Births (Number)",..,..,..,..,507,527,348,580,510,429,514,555,595,624,709,622,725,745,736,832,790,836,918,1022,921,883,850,849,755,..,..,..
" ","Births within Marriage (Number)",1748,1672,1620,1469,1397,1382,1408,1263,1177,1109,1129,1125,1114,1104,1128,1026,1119,1190,1276,1239,1260,1376,1347,1499,1421,1393,1340,1267,1159,1136,1072,1027
" ","Births outside Marriage (Number)",149,178,229,217,200,255,260,323,292,291,349,392,460,534,579,590,650,662,732,763,736,798,929,1029,994,897,956,951,900,960,916,874
" ","Average Age of Mother (Years)",28.7,28.7,28.7,28.9,29.1,29.0,29.3,28.8,29.1,29.5,29.5,29.5,29.5,29.4,29.2,29.5,29.3,29.8,30.0,29.9,30.4,30.5,30.4,30.5,30.5,30.8,30.9,31.1,31.2,31.3,31.5,31.6
" ","Average Age of First Time Mother (Years)",..,..,..,..,25.4,25.2,23.2,25.2,25.7,25.9,25.9,26.3,26.2,26.0,26.1,26.0,26.2,27.3,27.2,27.6,28.1,27.7,27.9,27.8,27.8,28.5,28.5,28.9,29.1,28.7,29.1,29.2
"Wicklow"
" ","All Births (Number)",1829,1801,1766,1619,1588,1642,1572,1577,1520,1492,1488,1520,1601,1682,1783,1824,1912,1905,1911,2023,1937,2203,2391,2499,2463,2554,2256,2243,2074,2027,2031,1898
" ","First Births (Number)",..,..,..,..,546,557,360,563,542,532,509,597,595,663,750,754,747,777,759,837,814,951,991,1050,1026,990,879,838,766,..,..,..
" ","Births within Marriage (Number)",1634,1597,1556,1379,1367,1377,1309,1260,1205,1159,1149,1109,1164,1199,1207,1250,1299,1281,1269,1371,1281,1477,1602,1664,1618,1723,1458,1434,1248,1238,1244,1172
" ","Births outside Marriage (Number)",195,204,210,240,221,265,263,317,315,333,339,411,437,483,576,574,613,624,642,652,656,726,789,835,845,831,798,809,826,789,787,726
" ","Average Age of Mother (Years)",28.9,28.8,28.9,29.0,29.2,29.1,29.4,29.4,29.7,29.7,29.9,29.9,30.1,30.1,30.2,30.3,30.7,30.8,31.0,31.2,31.1,31.4,31.4,31.6,31.5,32.0,32.0,32.3,32.1,32.5,32.9,32.9
" ","Average Age of First Time Mother (Years)",..,..,..,..,26.0,26.1,24.3,26.4,26.6,26.8,27.1,27.1,27.2,27.3,27.6,27.6,28.4,28.5,28.7,29.0,28.7,29.4,29.3,29.6,29.5,29.8,29.9,30.2,30.1,30.4,31.0,31.1
"Clare"
" ","All Births (Number)",1620,1603,1470,1308,1328,1342,1247,1260,1252,1157,1171,1222,1311,1309,1471,1372,1496,1754,1689,1644,1654,1748,1783,1841,1900,1693,1727,1705,1492,1459,1542,1480
" ","First Births (Number)",..,..,..,..,405,406,209,383,418,416,406,419,500,497,555,501,581,675,682,609,622,647,658,787,726,651,661,613,546,..,..,..
" ","Births within Marriage (Number)",1536,1503,1369,1205,1228,1188,1106,1109,1064,957,949,974,1013,974,1079,1016,1120,1325,1212,1207,1229,1287,1301,1311,1356,1177,1222,1141,1022,973,1041,952
" ","Births outside Marriage (Number)",84,100,101,103,100,154,141,151,188,200,222,248,298,335,392,356,376,429,477,437,425,461,482,530,544,516,505,564,470,486,501,528
" ","Average Age of Mother (Years)",29.9,30.0,30.2,30.3,30.4,30.4,30.4,30.8,30.3,30.0,30.6,30.4,30.5,30.4,30.5,30.7,31.1,31.1,31.0,31.4,31.6,31.7,31.8,31.6,31.6,31.8,32.4,32.3,32.5,32.7,32.7,32.9
" ","Average Age of First Time Mother (Years)",..,..,..,..,27.3,27.1,24.8,27.2,26.7,26.8,27.4,27.7,27.9,27.7,27.6,27.9,28.4,28.7,28.6,28.8,29.3,29.3,29.6,29.6,28.9,29.7,30.5,30.2,30.6,31.1,30.6,31.3
"Cork City"
" ","All Births (Number)",2038,2199,1816,1758,1790,1862,1564,1613,1581,1580,1571,1754,1780,1805,1579,1526,1575,1574,1676,1505,1465,1648,1402,1610,1757,1644,1575,1422,1488,1531,1494,1382
" ","First Births (Number)",..,..,..,..,631,689,477,614,627,593,624,695,726,732,688,648,690,675,716,625,638,732,646,731,821,732,707,664,636,..,..,..
" ","Births within Marriage (Number)",1798,1911,1533,1464,1450,1459,1173,1219,1091,1093,1057,1149,1081,1082,902,825,845,864,979,827,762,881,706,851,969,861,847,711,748,814,772,713
" ","Births outside Marriage (Number)",240,288,283,294,340,403,391,394,490,487,514,605,699,723,677,701,730,710,697,678,703,767,696,759,788,783,728,711,740,717,722,669
" ","Average Age of Mother (Years)",28.3,28.5,28.7,28.5,28.6,28.6,28.7,28.6,28.8,29.1,29.0,29.2,29.2,29.2,29.3,29.0,28.9,29.3,29.4,29.4,29.6,29.9,29.6,30.0,30.3,30.3,30.3,30.7,30.9,31.3,31.5,32.1
" ","Average Age of First Time Mother (Years)",..,..,..,..,25.4,25.5,24.1,25.8,25.5,25.9,25.9,26.0,26.2,26.0,26.3,26.0,26.4,26.6,26.6,26.9,27.1,27.2,27.3,27.6,28.2,28.3,28.8,28.9,29.5,29.5,30.0,30.3
"Cork County"
" ","All Births (Number)",4980,4902,4843,4380,4195,4122,4422,4201,4114,4021,4087,4030,4230,4416,4303,4538,4696,5134,5018,5284,5427,5726,6471,6800,6807,6846,6713,6641,6307,6013,6057,5649
" ","First Births (Number)",..,..,..,..,1314,1359,690,1464,1409,1341,1473,1432,1558,1695,1627,1741,1824,2057,1921,2061,2131,2286,2621,2756,2766,2736,2563,2453,2302,..,..,..
" ","Births within Marriage (Number)",4752,4648,4570,4141,3891,3781,3989,3743,3597,3496,3523,3350,3526,3588,3436,3576,3647,3994,3851,4070,4160,4331,4885,5081,5096,5040,4970,4846,4564,4259,4180,3964
" ","Births outside Marriage (Number)",228,254,273,239,304,341,433,458,517,525,564,680,704,828,867,962,1049,1140,1167,1214,1267,1395,1586,1719,1711,1806,1743,1795,1743,1754,1877,1685
" ","Average Age of Mother (Years)",29.9,30.1,30.2,30.3,30.3,30.3,30.4,30.3,30.5,30.7,30.8,30.8,31.0,31.0,31.0,31.2,31.3,31.4,31.5,31.7,31.9,31.9,32.0,31.9,32.1,32.2,32.6,32.8,33.0,33.2,33.1,33.5
" ","Average Age of First Time Mother (Years)",..,..,..,..,27.0,27.1,24.8,27.1,27.6,27.8,28.2,28.0,28.2,28.3,28.3,28.5,28.7,29.0,29.3,29.5,29.8,29.8,29.9,29.7,30.0,30.1,30.8,30.8,31.2,31.4,31.3,31.9
"Kerry"
" ","All Births (Number)",2056,1943,1806,1700,1640,1653,1614,1577,1438,1506,1422,1533,1599,1586,1566,1594,1662,1746,1689,1766,1729,1840,2050,2064,2171,1933,2001,1936,1770,1719,1704,1735
" ","First Births (Number)",..,..,..,..,486,547,315,487,458,507,506,548,590,613,616,632,627,597,625,668,692,723,810,818,865,752,749,690,628,..,..,..
" ","Births within Marriage (Number)",1951,1832,1701,1600,1519,1509,1422,1377,1233,1270,1174,1232,1293,1218,1151,1156,1212,1274,1224,1259,1265,1304,1462,1413,1509,1341,1359,1316,1208,1093,1129,1106
" ","Births outside Marriage (Number)",105,111,105,100,121,144,192,200,205,236,248,301,306,368,415,438,450,472,465,507,464,536,588,651,662,592,642,620,562,626,575,629
" ","Average Age of Mother (Years)",29.8,29.8,30.3,30.3,30.4,30.2,30.2,30.4,30.4,30.7,30.2,30.4,30.7,30.6,30.5,30.5,30.7,30.8,30.9,30.9,31.4,31.5,31.6,31.6,31.5,31.9,32.0,32.5,32.5,32.8,32.9,33.1
" ","Average Age of First Time Mother (Years)",..,..,..,..,27.0,27.0,24.6,26.6,26.7,27.7,27.1,27.4,27.9,27.5,27.3,27.8,27.8,27.9,28.3,28.4,29.1,29.0,29.2,29.2,29.2,29.5,30.0,30.4,30.6,31.0,31.1,31.2
"Limerick City"
" ","All Births (Number)",980,832,824,784,740,865,769,758,669,704,712,942,996,938,726,857,855,848,948,790,850,781,867,935,879,767,763,826,843,878,819,832
" ","First Births (Number)",..,..,..,..,275,329,276,323,289,292,299,389,404,391,325,377,383,385,420,309,357,354,384,472,428,323,336,377,370,..,..,..
" ","Births within Marriage (Number)",850,669,646,615,555,610,538,476,415,455,409,557,549,516,374,404,377,385,454,367,371,335,395,449,436,345,391,361,385,387,363,391
" ","Births outside Marriage (Number)",130,163,178,169,185,255,231,282,254,249,303,385,447,422,352,453,478,463,494,423,479,446,472,486,443,422,372,465,458,491,456,441
" ","Average Age of Mother (Years)",27.8,27.5,27.5,28.0,27.7,27.8,27.4,27.4,27.7,27.8,27.9,28.2,28.3,28.6,28.4,28.3,28.1,28.1,28.5,28.8,28.8,28.7,28.8,28.8,29.4,29.3,29.8,29.9,30.0,30.6,30.2,30.5
" ","Average Age of First Time Mother (Years)",..,..,..,..,23.9,24.0,23.0,24.0,24.7,25.0,24.8,25.2,24.5,25.4,25.6,25.5,25.4,25.3,26.3,26.1,26.4,25.8,26.0,26.9,27.3,27.1,27.4,27.8,28.2,28.5,28.1,28.0
"Limerick County"
" ","All Births (Number)",1991,1969,1847,1742,1637,1711,1629,1643,1652,1520,1515,1512,1487,1590,1702,1549,1562,1689,1682,1726,1680,1972,2093,2213,2304,2339,2296,2049,1912,1846,1891,1782
" ","First Births (Number)",..,..,..,..,479,472,279,508,568,534,528,547,532,555,627,605,635,693,654,720,667,835,876,921,968,946,892,766,723,..,..,..
" ","Births within Marriage (Number)",1924,1895,1764,1631,1537,1575,1444,1464,1461,1324,1313,1273,1207,1292,1284,1185,1229,1277,1264,1265,1263,1435,1492,1595,1646,1626,1616,1430,1349,1257,1307,1223
" ","Births outside Marriage (Number)",67,74,83,111,100,136,185,179,191,196,202,239,280,298,418,364,333,412,418,461,417,537,601,618,658,713,680,619,563,589,584,559
" ","Average Age of Mother (Years)",29.7,30.0,30.0,29.9,30.5,30.2,30.2,30.5,30.4,30.4,30.8,30.8,30.6,31.1,30.4,30.7,31.1,30.8,31.2,31.1,31.4,31.1,31.5,31.3,31.7,31.5,32.0,32.3,32.5,32.6,32.8,33.1
" ","Average Age of First Time Mother (Years)",..,..,..,..,27.3,26.8,24.2,27.2,27.5,27.6,28.0,27.8,27.5,28.0,27.3,27.8,28.5,28.3,28.6,28.8,29.3,28.8,29.6,29.2,29.5,29.3,30.0,30.4,30.9,30.8,30.8,31.4
"North Tipperary"
" ","All Births (Number)",1046,1079,994,887,822,870,885,863,852,876,770,814,911,838,822,1006,905,919,939,1006,1120,1050,1243,1257,1243,1246,1193,1038,1054,954,1030,905
" ","First Births (Number)",..,..,..,..,247,255,147,269,256,308,249,305,328,304,309,365,332,341,339,388,425,396,495,504,492,506,411,361,355,..,..,..
" ","Births within Marriage (Number)",994,1008,949,821,754,782,791,740,726,710,625,650,691,623,612,710,619,649,672,701,780,734,857,858,830,835,831,682,717,640,672,589
" ","Births outside Marriage (Number)",52,71,45,66,68,88,94,123,126,166,145,164,220,215,210,296,286,270,267,305,340,316,386,399,413,411,362,356,337,314,358,316
" ","Average Age of Mother (Years)",29.8,30.1,30.2,30.0,30.2,30.2,30.0,30.2,30.3,30.1,30.3,30.3,30.2,30.4,30.5,30.3,30.3,30.5,30.8,30.8,31.2,31.5,31.5,31.3,31.4,31.6,32.2,31.9,32.2,32.2,32.7,32.7
" ","Average Age of First Time Mother (Years)",..,..,..,..,26.9,26.6,24.1,26.4,26.3,26.7,26.6,26.8,26.8,27.1,27.6,27.3,27.5,27.9,28.4,28.5,28.9,29.2,28.8,28.7,28.9,29.1,30.0,29.4,29.9,29.6,30.7,30.4
"South Tipperary"
" ","All Births (Number)",1365,1291,1292,1103,1106,1062,1025,1004,962,918,991,1007,984,941,1044,987,1080,1024,1069,1083,1045,1068,1186,1241,1354,1212,1230,1191,1216,1148,1113,1142
" ","First Births (Number)",..,..,..,..,325,334,223,359,315,321,327,405,351,355,393,396,399,394,406,389,454,426,482,532,559,513,444,447,454,..,..,..
" ","Births within Marriage (Number)",1257,1197,1154,983,1000,893,864,809,789,719,783,732,743,671,699,646,725,644,658,679,690,683,736,767,837,710,762,737,715,634,635,607
" ","Births outside Marriage (Number)",108,94,138,120,106,169,161,195,173,199,208,275,241,270,345,341,355,380,411,404,355,385,450,474,517,502,468,454,501,514,478,535
" ","Average Age of Mother (Years)",28.8,29.2,29.3,29.1,29.5,29.0,29.3,29.2,29.8,29.3,29.7,29.1,29.8,29.9,29.7,30.1,30.1,29.9,29.8,30.4,30.6,30.6,30.7,30.5,30.8,30.5,31.4,31.5,31.5,31.4,32.0,31.9
" ","Average Age of First Time Mother (Years)",..,..,..,..,26.1,25.4,23.6,25.7,27.1,26.2,26.2,26.2,26.4,27.1,26.4,26.7,27.2,27.2,27.3,28.0,27.9,28.1,28.3,28.1,28.4,28.4,29.2,29.0,28.9,29.4,29.6,30.0
"Waterford City"
" ","All Births (Number)",638,642,605,560,607,591,509,495,554,555,584,630,603,638,551,635,780,783,710,717,635,631,762,894,841,868,830,799,795,768,669,553
" ","First Births (Number)",..,..,..,..,213,226,187,182,196,188,218,255,276,276,231,269,346,333,288,286,298,278,322,370,344,374,340,322,281,..,..,..
" ","Births within Marriage (Number)",557,534,487,455,471,449,359,362,363,400,401,409,350,374,308,377,443,451,400,427,317,317,407,468,479,467,461,402,409,409,332,282
" ","Births outside Marriage (Number)",81,108,118,105,136,142,150,133,191,155,183,221,253,264,243,258,337,332,310,290,318,314,355,426,362,401,369,397,386,359,337,271
" ","Average Age of Mother (Years)",28.2,27.9,28.1,28.5,28.3,28.1,27.9,28.1,28.2,29.0,28.6,28.7,28.5,28.3,28.9,29.1,28.6,29.0,29.1,29.6,29.5,29.2,29.2,29.6,30.1,30.3,30.8,30.7,31.2,31.5,31.4,30.9
" ","Average Age of First Time Mother (Years)",..,..,..,..,24.3,24.9,23.6,24.9,25.3,25.5,25.6,25.9,25.5,24.9,25.7,25.9,25.7,26.4,26.6,27.3,27.2,26.8,26.2,26.9,27.8,28.4,28.9,28.5,29.1,29.5,29.4,28.6
"Waterford County"
" ","All Births (Number)",871,906,758,788,752,780,827,808,701,653,692,732,753,717,838,788,804,891,905,914,962,1115,1033,1060,1036,999,973,873,927,850,896,945
" ","First Births (Number)",..,..,..,..,249,250,193,303,240,212,267,259,302,263,302,324,319,308,347,343,354,418,417,402,389,332,340,317,320,..,..,..
" ","Births within Marriage (Number)",805,832,691,707,681,677,688,681,568,514,556,561,561,526,606,548,574,632,644,620,643,728,722,695,691,669,634,550,597,529,536,586
" ","Births outside Marriage (Number)",66,74,67,81,71,103,139,127,133,139,136,171,192,191,232,240,230,259,261,294,319,387,311,365,345,330,339,323,330,321,360,359
" ","Average Age of Mother (Years)",29.3,29.4,29.8,29.7,29.8,29.8,29.3,29.6,29.6,29.5,29.8,30.1,30.0,30.4,30.5,30.7,30.7,31.0,31.0,30.8,31.5,31.3,31.7,31.5,31.7,32.0,32.3,32.2,32.5,32.6,32.8,32.7
" ","Average Age of First Time Mother (Years)",..,..,..,..,26.3,26.0,23.9,26.7,26.3,26.1,27.0,26.9,27.2,26.7,27.3,27.7,28.4,28.1,28.6,28.0,28.9,28.6,29.5,29.1,29.2,29.7,29.8,29.9,29.9,30.4,30.3,30.6
"Galway City"
" ","All Births (Number)",3079,670,783,505,523,739,619,746,683,746,756,720,867,793,732,903,928,1057,1038,939,793,909,1014,1059,1045,1150,1115,1179,1167,1120,1013,1061
" ","First Births (Number)",..,..,..,..,177,253,162,275,269,299,300,304,348,315,327,398,426,473,448,354,323,373,467,500,488,549,494,500,501,..,..,..
" ","Births within Marriage (Number)",2894,579,677,430,456,629,499,593,540,563,574,524,598,558,480,577,606,708,702,613,521,596,670,697,668,758,783,828,783,752,681,723
" ","Births outside Marriage (Number)",185,91,106,75,67,110,120,153,143,183,182,196,269,235,252,326,322,349,336,326,272,313,344,362,377,392,332,351,384,368,332,338
" ","Average Age of Mother (Years)",29.8,29.0,29.3,29.0,29.2,30.0,29.2,29.6,29.7,30.1,30.1,29.6,30.2,30.6,30.0,30.1,30.2,29.9,30.3,30.4,30.7,30.9,30.3,30.9,30.8,31.3,31.9,31.8,32.3,32.3,32.5,33.0
" ","Average Age of First Time Mother (Years)",..,..,..,..,26.8,27.0,24.3,26.4,26.5,27.4,27.6,27.0,27.3,27.8,27.5,27.1,27.8,27.7,28.3,28.3,27.9,28.3,28.4,28.8,29.2,30.1,30.7,30.2,30.6,31.1,31.2,31.6
"Galway County"
" ","All Births (Number)",..,2445,2246,2323,2081,1953,1964,1937,1846,1658,1707,1800,1752,1920,1940,1877,2037,2117,2202,2369,2492,2570,2788,3088,2935,2881,2856,2720,2567,2491,2526,2430
" ","First Births (Number)",..,..,..,..,575,570,286,557,535,497,545,605,617,685,712,692,776,743,765,915,927,1031,1053,1174,1151,1112,1063,919,902,..,..,..
" ","Births within Marriage (Number)",..,2341,2149,2195,1963,1827,1796,1749,1658,1460,1508,1553,1488,1594,1544,1514,1634,1703,1784,1868,1947,2015,2161,2350,2233,2189,2137,2109,1959,1845,1854,1736
" ","Births outside Marriage (Number)",..,104,97,128,118,126,168,188,188,198,199,247,264,326,396,363,403,414,418,501,545,555,627,738,702,692,719,611,608,646,672,694
" ","Average Age of Mother (Years)",..,30.2,30.5,30.4,30.7,30.6,30.5,30.9,30.9,30.8,31.2,31.0,30.8,31.2,31.0,31.3,31.5,31.5,31.9,31.9,32.2,32.1,32.2,32.1,32.5,32.5,32.7,33.2,33.4,33.1,33.5,33.5
" ","Average Age of First Time Mother (Years)",..,..,..,..,27.4,27.3,24.4,27.3,27.3,27.4,28.1,28.0,27.9,28.3,28.2,28.5,28.8,29.0,29.5,29.6,30.2,30.0,29.8,29.8,30.5,30.4,30.6,31.3,31.5,31.2,31.9,31.6
"Leitrim"
" ","All Births (Number)",431,429,410,353,355,323,318,332,282,268,299,279,282,284,307,295,291,355,352,365,367,404,481,511,488,475,461,455,458,399,414,418
" ","First Births (Number)",..,..,..,..,98,80,29,87,72,81,94,92,85,97,107,103,122,119,121,137,141,156,183,193,193,156,147,170,162,..,..,..
" ","Births within Marriage (Number)",427,416,401,346,342,315,305,316,257,245,264,234,253,234,251,230,234,271,268,286,282,309,348,385,365,354,339,337,347,283,287,300
" ","Births outside Marriage (Number)",4,13,9,7,13,8,13,16,25,23,35,45,29,50,56,65,57,84,84,79,85,95,133,126,123,121,122,118,111,116,127,118
" ","Average Age of Mother (Years)",30.2,31.1,30.7,31.2,31.0,32.0,31.7,31.3,31.8,31.4,31.3,30.9,32.2,30.7,31.2,30.9,31.0,31.2,31.7,31.6,31.7,31.2,31.4,31.5,31.8,32.4,32.2,32.5,33.0,32.7,33.0,33.2
" ","Average Age of First Time Mother (Years)",..,..,..,..,27.7,29.0,26.3,28.0,27.7,28.3,27.4,27.5,29.4,27.4,28.4,27.3,28.4,28.3,29.6,28.6,28.7,28.5,28.9,29.1,29.8,30.6,30.1,30.6,31.6,30.3,31.4,30.8
"Mayo"
" ","All Births (Number)",2020,1939,1832,1705,1529,1570,1545,1463,1314,1311,1312,1396,1382,1408,1410,1438,1508,1537,1579,1608,1647,1662,1861,1892,1827,1839,1807,1753,1693,1650,1577,1567
" ","First Births (Number)",..,..,..,..,391,391,217,433,365,359,350,477,447,482,495,545,531,551,438,403,563,650,755,840,741,750,671,595,592,..,..,..
" ","Births within Marriage (Number)",1958,1879,1766,1641,1455,1481,1429,1338,1178,1157,1164,1152,1148,1134,1109,1112,1192,1186,1202,1198,1285,1211,1346,1353,1324,1334,1315,1213,1162,1150,1058,1053
" ","Births outside Marriage (Number)",62,60,66,64,74,89,116,125,136,154,148,244,234,274,301,326,316,351,377,410,362,451,515,539,503,505,492,540,531,500,519,514
" ","Average Age of Mother (Years)",30.0,30.4,30.3,30.8,30.9,30.9,30.8,30.7,31.0,31.0,31.0,30.8,30.9,30.7,31.1,31.0,31.1,31.1,31.3,31.4,31.9,31.4,31.4,31.5,31.6,32.0,32.1,32.3,32.3,32.6,32.7,32.9
" ","Average Age of First Time Mother (Years)",..,..,..,..,27.1,27.0,24.0,27.1,27.5,26.9,27.2,27.7,27.4,27.6,27.9,28.1,28.0,28.1,28.8,28.6,28.9,28.8,29.0,29.1,29.1,29.8,30.3,30.3,29.7,30.8,30.9,31.0
"Roscommon"
" ","All Births (Number)",841,832,810,708,635,667,678,603,552,518,535,535,554,560,526,500,575,609,623,674,723,741,788,907,924,903,866,862,845,802,751,764
" ","First Births (Number)",..,..,..,..,172,177,87,172,162,144,174,170,158,203,188,194,213,210,216,231,265,279,287,316,352,349,299,311,275,..,..,..
" ","Births within Marriage (Number)",821,813,786,679,613,636,631,552,508,472,483,463,489,466,420,397,456,476,485,527,582,565,578,693,693,628,629,619,587,567,535,543
" ","Births outside Marriage (Number)",20,19,24,29,22,31,47,51,44,46,52,72,65,94,106,103,119,133,138,147,141,176,210,214,231,275,237,243,258,235,216,221
" ","Average Age of Mother (Years)",30.5,30.6,30.5,30.8,31.1,31.2,31.1,31.3,31.4,31.5,31.6,31.2,31.6,31.2,31.1,30.9,31.5,31.1,31.3,31.7,32.1,31.7,31.7,31.9,32.1,31.9,32.1,32.6,32.5,32.7,32.9,33.2
" ","Average Age of First Time Mother (Years)",..,..,..,..,28.1,28.3,25.2,27.3,28.3,27.8,28.3,27.3,28.0,28.0,27.6,28.1,28.6,28.4,28.5,28.9,30.0,29.3,29.0,29.2,30.1,29.3,29.8,30.5,30.5,30.6,31.0,31.5
"Sligo"
" ","All Births (Number)",946,980,858,816,774,789,784,746,719,729,674,727,725,773,717,734,777,757,765,778,753,856,916,964,990,935,927,962,882,817,808,774
" ","First Births (Number)",..,..,..,..,233,233,121,233,236,228,239,243,240,277,267,306,294,274,307,309,288,340,366,382,372,346,340,338,320,..,..,..
" ","Births within Marriage (Number)",893,922,790,745,706,724,705,649,605,625,561,599,595,594,545,526,563,570,560,551,562,586,618,665,677,638,609,633,561,539,522,501
" ","Births outside Marriage (Number)",53,58,68,71,68,65,79,97,114,104,113,128,130,179,172,208,214,187,205,227,191,270,298,299,313,297,318,329,321,278,286,273
" ","Average Age of Mother (Years)",30.0,30.2,30.1,29.9,30.4,30.6,30.6,30.5,30.7,30.8,30.4,30.8,31.1,30.9,30.6,30.3,31.0,31.4,30.9,31.2,31.3,31.3,31.3,31.4,31.4,31.9,32.1,32.1,32.2,32.6,32.8,33.0
" ","Average Age of First Time Mother (Years)",..,..,..,..,27.1,27.1,24.0,26.8,27.3,27.0,27.6,27.7,28.0,27.7,27.8,27.5,28.2,28.6,28.1,29.0,28.6,28.5,28.8,28.9,28.6,29.4,30.3,29.7,29.8,30.7,30.7,31.4
"Cavan"
" ","All Births (Number)",954,963,877,848,799,827,773,767,732,698,720,695,793,729,781,714,756,807,794,857,858,1018,1091,1265,1233,1225,1267,1158,1123,1051,1070,1028
" ","First Births (Number)",..,..,..,..,233,198,107,238,226,201,206,225,258,234,271,270,282,302,290,274,308,383,422,472,466,397,417,416,366,..,..,..
" ","Births within Marriage (Number)",920,932,822,804,753,783,706,692,662,618,626,597,646,603,594,549,569,615,584,672,660,722,769,887,865,873,894,780,763,722,719,653
" ","Births outside Marriage (Number)",34,31,55,44,46,44,67,75,70,80,94,98,147,126,187,165,187,192,210,185,198,296,322,378,368,352,373,378,360,329,351,375
" ","Average Age of Mother (Years)",29.8,29.9,29.8,30.2,30.2,30.7,30.3,30.6,30.6,30.9,30.7,30.6,30.5,30.8,30.2,30.6,30.3,30.6,30.5,31.2,31.4,30.9,30.8,30.8,31.1,31.4,31.6,31.5,32.1,31.9,32.0,31.9
" ","Average Age of First Time Mother (Years)",..,..,..,..,27.1,27.0,23.7,26.8,27.6,27.4,27.0,27.3,26.6,27.2,26.9,27.1,26.8,27.5,27.7,28.7,28.7,28.4,27.9,28.1,28.3,29.0,29.2,29.3,29.6,29.5,29.8,29.7
"Donegal"
" ","All Births (Number)",2342,2358,2269,2100,1935,1909,1879,1771,1790,1721,1713,1746,1810,1781,1857,1772,1895,1911,1988,1909,1979,2016,2156,2255,2347,2215,2172,2068,1953,1842,1896,1900
" ","First Births (Number)",..,..,..,..,541,558,388,547,539,572,549,591,651,633,689,628,711,707,759,690,700,724,773,849,839,782,767,651,667,..,..,..
" ","Births within Marriage (Number)",2189,2182,2100,1911,1749,1675,1606,1539,1513,1437,1418,1372,1418,1364,1372,1318,1337,1355,1381,1310,1368,1380,1460,1472,1538,1512,1445,1401,1236,1139,1190,1175
" ","Births outside Marriage (Number)",153,176,169,189,186,234,273,232,277,284,295,374,392,417,485,454,558,556,607,599,611,636,696,783,809,703,727,667,717,703,706,725
" ","Average Age of Mother (Years)",29.4,29.5,29.5,29.5,29.8,29.9,29.4,29.7,29.4,29.6,29.7,29.5,29.7,29.5,29.7,29.9,29.7,29.8,30.0,30.2,30.4,30.5,30.7,30.7,30.9,31.2,31.3,31.6,31.7,32.0,31.9,31.9
" ","Average Age of First Time Mother (Years)",..,..,..,..,25.5,25.2,23.3,25.5,25.4,25.6,25.7,25.8,26.1,26.1,26.2,26.7,26.6,26.4,26.8,27.1,27.2,27.4,27.9,27.8,27.7,28.7,29.0,28.7,29.3,29.6,29.6,29.7
"Monaghan"
" ","All Births (Number)",923,919,848,754,694,693,698,711,645,599,646,651,636,657,690,627,626,665,662,666,725,710,814,881,839,887,883,841,857,819,817,796
" ","First Births (Number)",..,..,..,..,181,192,103,215,214,196,207,218,219,220,247,228,233,257,246,231,264,262,316,339,282,322,306,291,267,..,..,..
" ","Births within Marriage (Number)",888,894,812,719,647,649,638,631,560,515,547,534,520,518,515,477,465,479,494,477,515,503,566,616,600,626,610,578,592,556,523,516
" ","Births outside Marriage (Number)",35,25,36,35,47,44,60,80,85,84,99,117,116,139,175,150,161,186,168,189,210,207,248,265,239,261,273,263,265,263,294,280
" ","Average Age of Mother (Years)",29.6,29.5,29.8,30.0,29.9,29.9,30.4,30.0,29.6,29.6,30.2,29.8,30.1,30.1,30.2,30.4,30.3,30.0,30.5,30.5,30.4,31.1,30.6,30.9,31.3,31.2,31.6,31.6,31.9,32.1,31.8,32.6
" ","Average Age of First Time Mother (Years)",..,..,..,..,26.2,26.0,23.9,25.6,25.6,26.1,26.5,26.1,26.8,26.6,26.8,27.4,27.7,27.1,27.7,27.0,27.5,28.5,28.0,28.4,28.2,28.5,28.7,29.4,29.5,29.9,29.5,30.8
"State"
" ","All Births (Number)",62388,61620,58433,54600,52018,53044,52718,51089,49304,48255,48787,50655,52775,53969,53924,54789,57854,60503,61529,61972,61372,65425,71389,75173,75554,75174,74033,71674,68954,67295,65909,63897
" ","First Births (Number)",..,..,..,..,16994,17738,18130,17864,17330,17009,17760,19216,20208,21249,21825,22121,23440,24191,24334,24269,24634,26741,29620,31431,31843,31078,29210,27657,26082,25470,24867,24042
" ","Births within Marriage (Number)",57106,55674,52086,48117,45347,45277,43806,41878,39478,38206,37925,37858,38626,38477,37134,37523,39740,41624,42319,42174,41871,44028,47749,50028,50302,49802,48942,46495,44601,42906,41919,40549
" ","Births outside Marriage (Number)",5282,5946,6347,6483,6671,7767,8912,9211,9826,10049,10862,12797,14149,15492,16790,17266,18114,18879,19210,19798,19501,21397,23640,25145,25252,25372,25091,25179,24353,24389,23990,23348
" ","Average Age of Mother (Years)",29.3,29.3,29.4,29.5,29.6,29.6,29.6,29.7,29.8,29.9,30.0,30.0,30.1,30.1,30.1,30.2,30.3,30.4,30.6,30.8,31.0,31.1,31.1,31.2,31.3,31.5,31.8,32.0,32.2,32.4,32.5,32.7
" ","Average Age of First Time Mother (Years)",26.0,26.1,26.2,26.4,26.3,26.3,26.3,26.4,26.6,26.8,27.0,27.0,27.1,27.1,27.2,27.4,27.6,27.8,28.2,28.5,28.7,28.8,28.8,28.9,29.1,29.4,29.8,30.0,30.3,30.5,30.7,30.9

"Data up to 2014 is final. Data for 2015 and 2016 is provisional. "
"(http://www.cso.ie/en/methods/birthsdeathsandmarriages/livebirthsregi-"
"stration/) See Background Notes "

