"Annual Rate of Population Increase by Sex, Province or County,"
"statistical indicator and Census Year"

" "," "," ","1841","1851","1861","1871","1881","1891","1901","1911","1926","1936","1946","1951","1956","1961","1966","1971","1979","1981","1986","1991","1996","2002","2006","2011"
"Both sexes"
" ","State"
" "," ","Population (Number)",6528799,5111557,4402111,4053187,3870020,3468694,3221823,3139688,2971992,2968420,2955107,2960593,2898264,2818341,2884002,2978248,3368217,3443405,3540643,3525719,3626087,3917203,4239848,4588252
" "," ","Population Change since previous Census (Number)",..,-1417242,-709446,-348924,-183167,-401326,-246871,-82135,-167696,-3572,-13313,5486,-62329,-79923,65661,94246,389969,75188,97238,-14924,100368,291116,322645,348404
" "," ","Annual Rate of Population Increase (No. per 1000 Pop.)",..,-24.2,-14.8,-8.2,-4.6,-10.9,-7.4,-2.6,-3.7,-0.1,-0.4,0.4,-4.2,-5.6,4.6,6.5,15.5,11.1,5.6,-0.8,5.6,13.0,20.0,15.9
" ","Leinster"
" "," ","Population (Number)",1973731,1672738,1457635,1339451,1278989,1187760,1152829,1162044,1149092,1220411,1281117,1336576,1338942,1332149,1414415,1498140,1743861,1790521,1852649,1860949,1924702,2105579,2295123,2504814
" "," ","Population Change since previous Census (Number)",..,-300993,-215103,-118184,-60462,-91229,-34931,9215,-12952,71319,60706,55459,2366,-6793,82266,83725,245721,46660,62128,8300,63753,180877,189544,209691
" "," ","Annual Rate of Population Increase (No. per 1000 Pop.)",..,-16.4,-13.7,-8.4,-4.6,-7.4,-3.0,0.8,-0.7,6.0,4.9,8.5,0.4,-1.0,12.1,11.6,19.2,13.3,6.8,0.9,6.8,15.1,21.8,17.6
" ","Carlow"
" "," ","Population (Number)",86228,68078,57137,51650,46568,40936,37748,36252,34476,34452,34081,34162,33888,33342,33593,34237,38668,39820,40988,40942,41616,46014,50349,54612
" "," ","Population Change since previous Census (Number)",..,-18150,-10941,-5487,-5082,-5632,-3188,-1496,-1776,-24,-371,81,-274,-546,251,644,4431,1152,1168,-46,674,4398,4335,4263
" "," ","Annual Rate of Population Increase (No. per 1000 Pop.)",..,-23.4,-17.4,-10.0,-10.3,-12.8,-8.1,-4.0,-3.3,-0.1,-1.1,0.5,-1.6,-3.2,1.5,3.8,15.3,14.8,5.8,-0.2,3.3,16.9,22.8,16.4
" ","Dublin"
" "," ","Population (Number)",372773,405147,410252,405262,418910,419216,448206,477196,505654,586925,636193,693022,705781,718332,795047,852219,983683,1003164,1021449,1025304,1058264,1122821,1187176,1273069
" "," ","Population Change since previous Census (Number)",..,32374,5105,-4990,13648,306,28990,28990,28458,81271,49268,56829,12759,12551,76715,57172,131464,19481,18285,3855,32960,64557,64355,85893
" "," ","Annual Rate of Population Increase (No. per 1000 Pop.)",..,8.4,1.3,-1.2,3.3,0.1,6.7,6.3,3.9,15.0,8.1,17.3,3.7,3.5,20.5,14.0,18.1,9.9,3.6,0.8,6.3,9.9,14.0,14.1
" ","Kildare"
" "," ","Population (Number)",114488,95723,90946,83614,75804,70206,63566,66627,58028,57892,64849,66437,65915,64420,66404,71977,97185,104122,116247,122656,134992,163944,186335,210312
" "," ","Population Change since previous Census (Number)",..,-18765,-4777,-7332,-7810,-5598,-6640,3061,-8599,-136,6957,1588,-522,-1495,1984,5573,25208,6937,12125,6409,12336,28952,22391,23977
" "," ","Annual Rate of Population Increase (No. per 1000 Pop.)",..,-17.7,-5.1,-8.4,-9.8,-7.6,-9.9,4.7,-9.2,-0.2,11.4,4.9,-1.6,-4.6,6.1,16.2,38.2,35.1,22.3,10.8,19.4,32.9,32.5,24.5
" ","Kilkenny"
" "," ","Population (Number)",202420,158748,124515,109379,99531,87261,79159,74962,70990,68614,66712,65235,64089,61668,60463,61473,69156,70806,73186,73635,75336,80339,87558,95419
" "," ","Population Change since previous Census (Number)",..,-43672,-34233,-15136,-9848,-12270,-8102,-4197,-3972,-2376,-1902,-1477,-1146,-2421,-1205,1010,7683,1650,2380,449,1701,5003,7219,7861
" "," ","Annual Rate of Population Increase (No. per 1000 Pop.)",..,-24.0,-24.0,-12.9,-9.4,-13.1,-9.7,-5.4,-3.6,-3.4,-2.8,-4.5,-3.5,-7.7,-3.9,3.3,14.8,11.9,6.6,1.2,4.6,10.8,21.7,17.3
" ","Laois"
" "," ","Population (Number)",153930,111664,90650,79771,73124,64883,57417,54629,51540,50109,49697,48430,47087,45069,44595,45259,49936,51171,53284,52314,52945,58774,67059,80559
" "," ","Population Change since previous Census (Number)",..,-42266,-21014,-10879,-6647,-8241,-7466,-2788,-3089,-1431,-412,-1267,-1343,-2018,-474,664,4677,1235,2113,-970,631,5829,8285,13500
" "," ","Annual Rate of Population Increase (No. per 1000 Pop.)",..,-31.6,-20.6,-12.7,-8.7,-11.9,-12.2,-5.0,-3.9,-2.8,-0.8,-5.2,-5.6,-8.7,-2.1,3.0,12.4,12.3,8.1,-3.7,2.4,17.6,33.5,37.4
" ","Longford"
" "," ","Population (Number)",115491,82348,71694,64501,61009,52647,46672,43820,39847,37847,36218,34553,32969,30643,28989,28250,30785,31140,31496,30296,30166,31068,34391,39000
" "," ","Population Change since previous Census (Number)",..,-33143,-10654,-7193,-3492,-8362,-5975,-2852,-3973,-2000,-1629,-1665,-1584,-2326,-1654,-739,2535,355,356,-1200,-130,902,3323,4609
" "," ","Annual Rate of Population Increase (No. per 1000 Pop.)",..,-33.3,-13.8,-10.5,-5.6,-14.6,-12.0,-6.3,-6.3,-5.1,-4.4,-9.4,-9.3,-14.5,-11.0,-5.2,10.8,5.7,2.3,-7.7,-0.9,4.9,25.7,25.5
" ","Louth"
" "," ","Population (Number)",128240,107662,90713,84021,77684,71038,65820,63665,62739,64339,66194,68771,69194,67378,69519,74951,86135,88514,91810,90724,92166,101821,111267,122897
" "," ","Population Change since previous Census (Number)",..,-20578,-16949,-6692,-6337,-6646,-5218,-2155,-926,1600,1855,2577,423,-1816,2141,5432,11184,2379,3296,-1086,1442,9655,9446,11630
" "," ","Annual Rate of Population Increase (No. per 1000 Pop.)",..,-17.3,-17.0,-7.6,-7.8,-8.9,-7.6,-3.3,-1.0,2.5,2.8,7.7,1.2,-5.3,6.3,15.2,17.5,13.7,7.3,-2.4,3.2,16.7,22.4,20.1
" ","Meath"
" "," ","Population (Number)",183828,140748,110373,95558,87469,76987,67497,65091,62969,61405,66232,66337,66762,65122,67323,71729,90715,95419,103881,105370,109732,134005,162831,184135
" "," ","Population Change since previous Census (Number)",..,-43080,-30375,-14815,-8089,-10482,-9490,-2406,-2122,-1564,4827,105,425,-1640,2201,4406,18986,4704,8462,1489,4362,24273,28826,21304
" "," ","Annual Rate of Population Increase (No. per 1000 Pop.)",..,-26.3,-24.0,-14.3,-8.8,-12.7,-13.1,-3.6,-2.2,-2.5,7.6,0.3,1.3,-5.0,6.7,12.8,29.8,25.6,17.1,2.9,8.1,33.9,49.9,24.9
" ","Offaly"
" "," ","Population (Number)",146857,112076,90043,75900,72852,65563,60187,56832,52592,51308,53686,52544,51970,51533,51717,51829,57342,58312,59835,58494,59117,63663,70868,76687
" "," ","Population Change since previous Census (Number)",..,-34781,-22033,-14143,-3048,-7289,-5376,-3355,-4240,-1284,2378,-1142,-574,-437,184,112,5513,970,1523,-1341,623,4546,7205,5819
" "," ","Annual Rate of Population Increase (No. per 1000 Pop.)",..,-26.7,-21.7,-16.9,-4.1,-10.5,-8.5,-5.7,-5.2,-2.5,4.5,-4.3,-2.2,-1.7,0.7,0.4,12.7,8.4,5.2,-4.5,2.1,12.4,27.2,15.9
" ","Westmeath"
" "," ","Population (Number)",141300,111407,90879,78432,71798,65109,61629,59986,56818,54706,54949,54463,54122,52861,52900,53570,59885,61523,63379,61880,63314,71858,79346,86164
" "," ","Population Change since previous Census (Number)",..,-29893,-20528,-12447,-6634,-6689,-3480,-1643,-3168,-2112,243,-486,-341,-1261,39,670,6315,1638,1856,-1499,1434,8544,7488,6818
" "," ","Annual Rate of Population Increase (No. per 1000 Pop.)",..,-23.5,-20.2,-14.6,-8.8,-9.7,-5.5,-2.7,-3.6,-3.8,0.4,-1.8,-1.3,-4.7,0.1,2.5,14.0,13.6,6.0,-4.8,4.6,21.3,25.1,16.6
" ","Wexford"
" "," ","Population (Number)",202033,180158,143954,132666,123854,111778,104104,102273,95848,94245,91855,90032,87259,83308,83437,86351,96421,99081,102552,102069,104371,116596,131749,145320
" "," ","Population Change since previous Census (Number)",..,-21875,-36204,-11288,-8812,-12076,-7674,-1831,-6425,-1603,-2390,-1823,-2773,-3951,129,2914,10070,2660,3471,-483,2302,12225,15153,13571
" "," ","Annual Rate of Population Increase (No. per 1000 Pop.)",..,-11.4,-22.2,-8.1,-6.8,-10.2,-7.1,-1.8,-4.3,-1.7,-2.6,-4.0,-6.2,-9.2,0.3,6.9,13.9,13.7,6.9,-0.9,4.5,18.6,31.0,19.8
" ","Wicklow"
" "," ","Population (Number)",126143,98979,86479,78697,70386,62136,60824,60711,57591,58569,60451,62590,59906,58473,60428,66295,83950,87449,94542,97265,102683,114676,126194,136640
" "," ","Population Change since previous Census (Number)",..,-27164,-12500,-7782,-8311,-8250,-1312,-113,-3120,978,1882,2139,-2684,-1433,1955,5867,17655,3499,7093,2723,5418,11993,11518,10446
" "," ","Annual Rate of Population Increase (No. per 1000 Pop.)",..,-24.0,-13.4,-9.4,-11.1,-12.4,-2.1,-0.2,-3.5,1.7,3.2,7.0,-8.7,-4.8,6.6,18.7,30.0,20.6,15.7,5.7,10.9,18.6,24.2,16.0
" ","Munster"
" "," ","Population (Number)",2396161,1857736,1513558,1393485,1331115,1172402,1076188,1035495,969902,942272,917306,898870,877238,849203,859334,882002,979819,998315,1020577,1009533,1033903,1100614,1173340,1246088
" "," ","Population Change since previous Census (Number)",..,-538425,-344178,-120073,-62370,-158713,-96214,-40693,-65593,-27630,-24966,-18436,-21632,-28035,10131,22668,97817,18496,22262,-11044,24370,66711,72726,72748
" "," ","Annual Rate of Population Increase (No. per 1000 Pop.)",..,-25.1,-20.3,-8.2,-4.6,-12.6,-8.5,-3.8,-4.4,-2.9,-2.7,-4.1,-4.9,-6.5,2.4,5.2,13.2,9.4,4.4,-2.2,4.8,10.5,16.1,12.1
" ","Clare"
" "," ","Population (Number)",286394,212440,166305,147864,141457,124483,112334,104232,95064,89879,85064,81329,77176,73702,73597,75008,84919,87567,91344,90918,94006,103277,110950,117196
" "," ","Population Change since previous Census (Number)",..,-73954,-46135,-18441,-6407,-16974,-12149,-8102,-9168,-5185,-4815,-3735,-4153,-3474,-105,1411,9911,2648,3777,-426,3088,9271,7673,6246
" "," ","Annual Rate of Population Increase (No. per 1000 Pop.)",..,-29.4,-24.2,-11.7,-4.4,-12.7,-10.2,-7.5,-6.1,-5.6,-5.5,-8.9,-10.4,-9.2,-0.3,3.8,15.6,15.5,8.5,-0.9,6.7,15.8,18.1,11.0
" ","Cork"
" "," ","Population (Number)",854118,649308,544818,517076,495607,438432,404611,392104,365747,355957,343668,341284,336663,330443,339703,352883,396118,402465,412735,410369,420510,447829,481295,519032
" "," ","Population Change since previous Census (Number)",..,-204810,-104490,-27742,-21469,-57175,-33821,-12507,-26357,-9790,-12289,-2384,-4621,-6220,9260,13180,43235,6347,10270,-2366,10141,27319,33466,37737
" "," ","Annual Rate of Population Increase (No. per 1000 Pop.)",..,-27.0,-17.4,-5.2,-4.2,-12.2,-8.0,-3.1,-4.6,-2.7,-3.5,-1.4,-2.7,-3.7,5.5,7.6,14.6,8.0,5.1,-1.1,4.9,10.5,18.2,15.2
" ","Kerry"
" "," ","Population (Number)",293880,238254,201800,196586,201039,179136,165726,159691,149171,139834,133893,126644,122072,116458,112785,112772,120356,122770,124159,121894,126130,132527,139835,145502
" "," ","Population Change since previous Census (Number)",..,-55626,-36454,-5214,4453,-21903,-13410,-6035,-10520,-9337,-5941,-7249,-4572,-5614,-3673,-13,7584,2414,1389,-2265,4236,6397,7308,5667
" "," ","Annual Rate of Population Increase (No. per 1000 Pop.)",..,-20.8,-16.5,-2.6,2.2,-11.5,-7.8,-3.7,-4.5,-6.4,-4.3,-11.1,-7.3,-9.4,-6.4,0.0,8.2,10.0,2.3,-3.7,6.9,8.3,13.5,8.0
" ","Limerick"
" "," ","Population (Number)",330029,262132,217277,191936,180632,158912,146098,143069,140343,141153,142559,141239,137881,133339,137357,140459,157407,161661,164569,161956,165042,175304,184055,191809
" "," ","Population Change since previous Census (Number)",..,-67897,-44855,-25341,-11304,-21720,-12814,-3029,-2726,810,1406,-1320,-3358,-4542,4018,3102,16948,4254,2908,-2613,3086,10262,8751,7754
" "," ","Annual Rate of Population Increase (No. per 1000 Pop.)",..,-22.8,-18.6,-12.3,-6.1,-12.7,-8.4,-2.1,-1.3,0.6,1.0,-1.9,-4.8,-6.7,6.0,4.5,14.3,13.4,3.6,-3.2,3.8,10.1,12.3,8.3
" ","Tipperary"
" "," ","Population (Number)",435553,331567,249106,216713,199612,173188,160232,152433,141015,137835,136014,133313,129415,123822,122812,123565,133741,135261,136619,132772,133535,140131,149244,158754
" "," ","Population Change since previous Census (Number)",..,-103986,-82461,-32393,-17101,-26424,-12956,-7799,-11418,-3180,-1821,-2701,-3898,-5593,-1010,753,10176,1520,1358,-3847,763,6596,9113,9510
" "," ","Annual Rate of Population Increase (No. per 1000 Pop.)",..,-26.9,-28.2,-13.8,-8.2,-14.1,-7.7,-5.0,-5.2,-2.3,-1.3,-4.0,-5.9,-8.8,-1.6,1.2,9.9,5.7,2.0,-5.7,1.1,8.1,15.9,12.4
" ","North Tipperary"
" "," ","Population (Number)",201161,147164,109220,93617,86331,76220,67815,62881,59645,59551,58103,57009,55697,53696,53843,54337,58476,58984,59522,57854,58021,61010,66023,70322
" "," ","Population Change since previous Census (Number)",..,-53997,-37944,-15603,-7286,-10111,-8405,-4934,-3236,-94,-1448,-1094,-1312,-2001,147,494,4139,508,538,-1668,167,2989,5013,4299
" "," ","Annual Rate of Population Increase (No. per 1000 Pop.)",..,-30.8,-29.4,-15.3,-8.1,-12.4,-11.6,-7.5,-3.5,-0.2,-2.5,-3.8,-4.6,-7.3,0.5,1.8,9.2,4.3,1.8,-5.7,0.6,8.4,19.9,12.7
" ","South Tipperary"
" "," ","Population (Number)",234392,184403,139886,123096,113281,96968,92417,89552,81370,78284,77911,76304,73718,70126,68969,69228,75265,76277,77097,74918,75514,79121,83221,88432
" "," ","Population Change since previous Census (Number)",..,-49989,-44517,-16790,-9815,-16313,-4551,-2865,-8182,-3086,-373,-1607,-2586,-3592,-1157,259,6037,1012,820,-2179,596,3607,4100,5211
" "," ","Annual Rate of Population Increase (No. per 1000 Pop.)",..,-23.7,-27.3,-12.7,-8.3,-15.4,-4.8,-3.1,-6.4,-3.9,-0.5,-4.2,-6.9,-9.9,-3.3,0.7,10.5,6.7,2.1,-5.7,1.6,7.8,12.7,12.2
" ","Waterford"
" "," ","Population (Number)",196187,164035,134252,123310,112768,98251,87187,83966,78562,77614,76108,75061,74031,71439,73080,77315,87278,88591,91151,91624,94680,101546,107961,113795
" "," ","Population Change since previous Census (Number)",..,-32152,-29783,-10942,-10542,-14517,-11064,-3221,-5404,-948,-1506,-1047,-1030,-2592,1641,4235,9963,1313,2560,473,3056,6866,6415,5834
" "," ","Annual Rate of Population Increase (No. per 1000 Pop.)",..,-17.7,-19.8,-8.5,-8.9,-13.7,-11.9,-3.8,-4.4,-1.2,-2.0,-2.8,-2.8,-7.1,4.6,11.3,15.3,7.5,5.7,1.0,6.6,11.7,15.4,10.6
" ","Connacht"
" "," ","Population (Number)",1418859,1010031,913135,846213,821657,724774,646932,610984,552907,525468,492797,471895,446221,419465,401950,390902,418500,424410,431409,423031,433231,464296,504121,542547
" "," ","Population Change since previous Census (Number)",..,-408828,-96896,-66922,-24556,-96883,-77842,-35948,-58077,-27439,-32671,-20902,-25674,-26756,-17515,-11048,27598,5910,6999,-8378,10200,31065,39825,38426
" "," ","Annual Rate of Population Increase (No. per 1000 Pop.)",..,-33.4,-10.0,-7.6,-2.9,-12.5,-11.3,-5.7,-6.6,-5.1,-6.4,-8.6,-11.1,-12.3,-8.5,-5.6,8.6,7.0,3.3,-3.9,4.8,11.6,20.8,14.8
" ","Galway"
" "," ","Population (Number)",440198,321684,271478,248458,242005,214712,192549,182224,169366,168198,165201,160204,155553,149887,148340,149223,167838,172018,178552,180364,188854,209077,231670,250653
" "," ","Population Change since previous Census (Number)",..,-118514,-50206,-23020,-6453,-27293,-22163,-10325,-12858,-1168,-2997,-4997,-4651,-5666,-1547,883,18615,4180,6534,1812,8490,20223,22593,18983
" "," ","Annual Rate of Population Increase (No. per 1000 Pop.)",..,-30.9,-16.8,-8.8,-2.6,-11.9,-10.8,-5.5,-4.9,-0.7,-1.8,-6.1,-5.9,-7.4,-2.1,1.2,14.8,12.4,7.5,2.0,9.2,17.1,26.0,15.9
" ","Leitrim"
" "," ","Population (Number)",155297,111897,104744,95562,90372,78618,69343,63582,55907,50908,44591,41209,37056,33470,30572,28360,27844,27609,27035,25301,25057,25799,28950,31798
" "," ","Population Change since previous Census (Number)",..,-43400,-7153,-9182,-5190,-11754,-9275,-5761,-7675,-4999,-6317,-3382,-4153,-3586,-2898,-2212,-516,-235,-574,-1734,-244,742,3151,2848
" "," ","Annual Rate of Population Increase (No. per 1000 Pop.)",..,-32.2,-6.6,-9.1,-5.6,-13.8,-12.5,-8.6,-8.5,-9.3,-13.2,-15.7,-21.0,-20.2,-17.9,-14.9,-2.3,-4.2,-4.2,-13.2,-1.9,4.9,29.2,18.9
" ","Mayo"
" "," ","Population (Number)",388887,274499,254796,246030,245212,219034,199166,192177,172690,161349,148120,141867,133052,123330,115547,109525,114019,114766,115184,110713,111524,117446,123839,130638
" "," ","Population Change since previous Census (Number)",..,-114388,-19703,-8766,-818,-26178,-19868,-6989,-19487,-11341,-13229,-6253,-8815,-9722,-7783,-6022,4494,747,418,-4471,811,5922,6393,6799
" "," ","Annual Rate of Population Increase (No. per 1000 Pop.)",..,-34.2,-7.4,-3.5,-0.3,-11.2,-9.5,-3.6,-7.1,-6.8,-8.5,-8.6,-12.7,-15.1,-13.0,-10.6,5.0,3.3,0.7,-7.9,1.5,8.7,13.3,10.7
" ","Roscommon"
" "," ","Population (Number)",253591,173436,157272,140670,132490,114397,101791,93956,83556,77566,72510,68102,63710,59217,56228,53519,54189,54543,54592,51897,51975,53774,58768,64065
" "," ","Population Change since previous Census (Number)",..,-80155,-16164,-16602,-8180,-18093,-12606,-7835,-10400,-5990,-5056,-4408,-4392,-4493,-2989,-2709,670,354,49,-2695,78,1799,4994,5297
" "," ","Annual Rate of Population Increase (No. per 1000 Pop.)",..,-37.3,-9.7,-11.1,-6.0,-14.6,-11.6,-8.0,-7.8,-7.4,-6.7,-12.5,-13.2,-14.5,-10.3,-9.8,1.6,3.3,0.2,-10.1,0.3,5.7,22.5,17.4
" ","Sligo"
" "," ","Population (Number)",180886,128515,124845,115493,111578,98013,84083,79045,71388,67447,62375,60513,56850,53561,51263,50275,54610,55474,56046,54756,55821,58200,60894,65393
" "," ","Population Change since previous Census (Number)",..,-52371,-3670,-9352,-3915,-13565,-13930,-5038,-7657,-3941,-5072,-1862,-3663,-3289,-2298,-988,4335,864,572,-1290,1065,2379,2694,4499
" "," ","Annual Rate of Population Increase (No. per 1000 Pop.)",..,-33.6,-2.9,-7.8,-3.4,-12.9,-15.2,-6.2,-6.8,-5.7,-7.8,-6.0,-12.4,-11.8,-8.7,-3.9,10.4,7.9,2.1,-4.6,3.9,7.0,11.4,14.4
" ","Ulster (part of)"
" "," ","Population (Number)",740048,571052,517783,474038,438259,383758,345874,331165,300091,280269,263887,253252,235863,217524,208303,207204,226037,230159,236008,232206,234251,246714,267264,294803
" "," ","Population Change since previous Census (Number)",..,-168996,-53269,-43745,-35779,-54501,-37884,-14709,-31074,-19822,-16382,-10635,-17389,-18339,-9221,-1099,18833,4122,5849,-3802,2045,12463,20550,27539
" "," ","Annual Rate of Population Increase (No. per 1000 Pop.)",..,-25.6,-9.7,-8.8,-7.8,-13.2,-10.3,-4.3,-6.5,-6.8,-6.0,-8.2,-14.1,-16.1,-8.6,-1.1,10.9,9.1,5.0,-3.2,1.8,8.7,20.2,19.8
" ","Cavan"
" "," ","Population (Number)",243158,174071,153906,140735,129476,111917,97541,91173,82452,76670,70355,66377,61740,56594,54022,52618,53720,53855,53965,52796,52944,56546,64003,73183
" "," ","Population Change since previous Census (Number)",..,-69087,-20165,-13171,-11259,-17559,-14376,-6368,-8721,-5782,-6315,-3978,-4637,-5146,-2572,-1404,1102,135,110,-1169,148,3602,7457,9180
" "," ","Annual Rate of Population Increase (No. per 1000 Pop.)",..,-32.9,-12.2,-8.9,-8.3,-14.5,-13.7,-6.7,-6.7,-7.2,-8.6,-11.6,-14.4,-17.3,-9.3,-5.3,2.6,1.3,0.4,-4.4,0.6,11.0,31.5,27.2
" ","Donegal"
" "," ","Population (Number)",296448,255158,237395,218334,206035,185635,173722,168537,152508,142310,136317,131530,122059,113842,108549,108344,121941,125112,129664,128117,129994,137575,147264,161137
" "," ","Population Change since previous Census (Number)",..,-41290,-17763,-19061,-12299,-20400,-11913,-5185,-16029,-10198,-5993,-4787,-9471,-8217,-5293,-205,13597,3171,4552,-1547,1877,7581,9689,13873
" "," ","Annual Rate of Population Increase (No. per 1000 Pop.)",..,-14.9,-7.2,-8.3,-5.8,-10.4,-6.6,-3.0,-6.6,-6.9,-4.3,-7.1,-14.8,-13.8,-9.5,-0.4,14.9,12.9,7.2,-2.4,2.9,9.5,17.2,18.2
" ","Monaghan"
" "," ","Population (Number)",200442,141823,126482,114969,102748,86206,74611,71455,65131,61289,57215,55345,52064,47088,45732,46242,50376,51192,52379,51293,51313,52593,55997,60483
" "," ","Population Change since previous Census (Number)",..,-58619,-15341,-11513,-12221,-16542,-11595,-3156,-6324,-3842,-4074,-1870,-3281,-4976,-1356,510,4134,816,1187,-1086,20,1280,3404,4486
" "," ","Annual Rate of Population Increase (No. per 1000 Pop.)",..,-34.0,-11.4,-9.5,-11.2,-17.4,-14.3,-4.3,-6.2,-6.1,-6.9,-6.6,-12.1,-19.9,-5.8,2.2,10.8,8.1,4.6,-4.2,0.1,4.1,15.8,15.5
"Male"
" ","State"
" "," ","Population (Number)",3222485,2494478,2169042,1992468,1912438,1728601,1610085,1589509,1506889,1520454,1494877,1506597,1462928,1416549,1449032,1495760,1693272,1729354,1769690,1753418,1800232,1946164,2121171,2272699
" "," ","Population Change since previous Census (Number)",..,-728007,-325436,-176574,-80030,-183837,-118516,-20576,-82620,13565,-25577,11720,-43669,-46379,32483,46728,197512,36082,40336,-16272,46814,145932,175007,151528
" "," ","Annual Rate of Population Increase (No. per 1000 Pop.)",..,-25.3,-13.9,-8.5,-4.1,-10.1,-7.1,-1.3,-3.6,0.9,-1.7,1.6,-5.9,-6.4,4.5,6.4,15.6,10.6,4.6,-1.8,5.3,13.1,21.8,13.9
" ","Leinster"
" "," ","Population (Number)",963747,813537,715005,655114,630038,587847,571809,582967,573900,611279,630982,664008,658453,651908,694248,737460,862509,884666,913736,913849,944669,1038015,1141320,1233352
" "," ","Population Change since previous Census (Number)",..,-150210,-98532,-59891,-25076,-42191,-16038,11158,-9067,37379,19703,33026,-5555,-6545,42340,43212,125049,22157,29070,113,30820,93346,103305,92032
" "," ","Annual Rate of Population Increase (No. per 1000 Pop.)",..,-16.8,-12.8,-8.7,-3.9,-6.9,-2.8,1.9,-1.0,6.3,3.2,10.3,-1.7,-2.0,12.7,12.1,19.8,12.8,6.5,0.0,6.7,15.8,24.0,15.6
" ","Carlow"
" "," ","Population (Number)",42428,33016,28139,25464,23078,20552,19009,18481,17802,18066,17702,17848,17666,17360,17320,17502,19743,20195,20816,20785,21086,23403,25611,27431
" "," ","Population Change since previous Census (Number)",..,-9412,-4877,-2675,-2386,-2526,-1543,-528,-679,264,-364,146,-182,-306,-40,182,2241,452,621,-31,301,2317,2208,1820
" "," ","Annual Rate of Population Increase (No. per 1000 Pop.)",..,-24.8,-15.9,-9.9,-9.8,-11.5,-7.8,-2.8,-2.5,1.5,-2.0,1.6,-2.0,-3.5,-0.5,2.1,15.2,11.4,6.1,-0.3,2.9,17.5,22.8,13.8
" ","Dublin"
" "," ","Population (Number)",170930,187286,191435,188108,197740,197409,211786,226364,238995,277098,292205,326126,329627,335004,375692,406008,473104,482342,492279,492432,508966,544075,582557,619902
" "," ","Population Change since previous Census (Number)",..,16356,4149,-3327,9632,-331,14377,14578,12631,38103,15107,33921,3501,5377,40688,30316,67096,9238,9937,153,16534,35109,38482,37345
" "," ","Annual Rate of Population Increase (No. per 1000 Pop.)",..,9.2,2.2,-1.8,5.0,-0.2,7.1,6.7,3.6,14.9,5.3,22.2,2.1,3.2,23.2,15.6,19.3,9.7,4.1,0.1,6.6,11.2,17.2,12.5
" ","Kildare"
" "," ","Population (Number)",58030,48528,48960,44946,40701,38407,34703,37684,31987,31956,36057,36364,35069,34068,34829,37279,50666,53967,59542,62207,68007,82735,94190,104658
" "," ","Population Change since previous Census (Number)",..,-9502,432,-4014,-4245,-2294,-3704,2981,-5697,-31,4101,307,-1295,-1001,761,2450,13387,3301,5575,2665,5800,14728,11455,10468
" "," ","Annual Rate of Population Increase (No. per 1000 Pop.)",..,-17.7,0.9,-8.5,-9.9,-5.8,-10.1,8.3,-10.9,-0.1,12.1,1.7,-7.2,-5.8,4.4,13.7,39.1,32.1,19.9,8.8,18.0,33.2,32.9,21.3
" ","Kilkenny"
" "," ","Population (Number)",99114,76493,60317,52965,48971,43468,40095,38551,37084,36489,35464,34687,33927,32252,31390,31828,35688,36395,37325,37447,38144,40540,44263,47788
" "," ","Population Change since previous Census (Number)",..,-22621,-16176,-7352,-3994,-5503,-3373,-1544,-1467,-595,-1025,-777,-760,-1675,-862,438,3860,707,930,122,697,2396,3723,3525
" "," ","Annual Rate of Population Increase (No. per 1000 Pop.)",..,-25.6,-23.5,-12.9,-7.8,-11.8,-8.0,-3.9,-2.6,-1.6,-2.8,-4.4,-4.4,-10.1,-5.4,2.8,14.4,9.9,5.1,0.7,3.7,10.2,22.2,15.4
" ","Laois"
" "," ","Population (Number)",76403,55556,45112,39843,36861,33171,29694,28711,27198,27149,26751,26154,25233,23989,23622,23805,26192,26774,27531,26904,27160,30131,34409,40587
" "," ","Population Change since previous Census (Number)",..,-20847,-10444,-5269,-2982,-3690,-3477,-983,-1513,-49,-398,-597,-921,-1244,-367,183,2387,582,757,-627,256,2971,4278,6178
" "," ","Annual Rate of Population Increase (No. per 1000 Pop.)",..,-31.4,-20.6,-12.3,-7.7,-10.5,-11.0,-3.4,-3.6,-0.2,-1.5,-4.5,-7.1,-10.1,-3.1,1.5,12.0,11.0,5.6,-4.6,1.9,17.5,33.7,33.6
" ","Longford"
" "," ","Population (Number)",57610,41041,36044,32512,30770,26681,23814,22656,20805,20152,19322,18388,17477,16133,15245,14891,16059,16234,16153,15542,15468,15794,17573,19649
" "," ","Population Change since previous Census (Number)",..,-16569,-4997,-3532,-1742,-4089,-2867,-1158,-1851,-653,-830,-934,-911,-1344,-888,-354,1168,175,-81,-611,-74,326,1779,2076
" "," ","Annual Rate of Population Increase (No. per 1000 Pop.)",..,-33.3,-12.9,-10.3,-5.5,-14.2,-11.3,-5.0,-5.7,-3.2,-4.2,-9.9,-10.1,-15.9,-11.3,-4.7,9.5,5.4,-1.0,-7.7,-1.0,3.5,27.0,22.6
" ","Louth"
" "," ","Population (Number)",62297,52257,44241,41033,37989,35242,32666,32191,31749,32829,33399,34886,34788,33627,34664,37511,43061,44125,45530,44823,45641,50489,55335,60763
" "," ","Population Change since previous Census (Number)",..,-10040,-8016,-3208,-3044,-2747,-2576,-475,-442,1080,570,1487,-98,-1161,1037,2847,5550,1064,1405,-707,818,4848,4846,5428
" "," ","Annual Rate of Population Increase (No. per 1000 Pop.)",..,-17.4,-16.5,-7.5,-7.7,-7.5,-7.6,-1.5,-0.9,3.4,1.7,8.7,-0.6,-6.8,6.1,15.9,17.4,12.3,6.3,-3.1,3.6,17.0,23.2,18.9
" ","Meath"
" "," ","Population (Number)",92494,70813,55800,48437,44315,39224,34757,33934,33082,32501,34950,34980,34830,33826,34877,36977,46704,48957,52931,53291,55340,67733,82651,91910
" "," ","Population Change since previous Census (Number)",..,-21681,-15013,-7363,-4122,-5091,-4467,-823,-852,-581,2449,30,-150,-1004,1051,2100,9727,2253,3974,360,2049,12393,14918,9259
" "," ","Annual Rate of Population Increase (No. per 1000 Pop.)",..,-26.4,-23.5,-14.1,-8.9,-12.1,-12.0,-2.4,-1.7,-1.8,7.3,0.2,-0.9,-5.8,6.1,11.8,29.6,23.8,15.7,1.4,7.6,34.3,51.0,21.5
" ","Offaly"
" "," ","Population (Number)",72651,55284,45513,38307,37106,33777,31065,29804,27566,27555,29311,28306,27591,27188,27007,27029,29792,30290,30819,29892,30003,32185,35937,38430
" "," ","Population Change since previous Census (Number)",..,-17367,-9771,-7206,-1201,-3329,-2712,-1261,-2238,-11,1756,-1005,-715,-403,-181,22,2763,498,529,-927,111,2182,3752,2493
" "," ","Annual Rate of Population Increase (No. per 1000 Pop.)",..,-26.9,-19.3,-17.1,-3.2,-9.4,-8.3,-4.1,-5.2,0.0,6.2,-7.0,-5.1,-2.9,-1.3,0.2,12.2,8.3,3.5,-6.1,0.7,11.8,28.0,13.5
" ","Westmeath"
" "," ","Population (Number)",70383,56095,46218,39804,36478,33927,31880,31910,30151,29039,29058,28737,28102,27183,27101,27544,30557,31388,32048,31006,31599,35960,39819,42783
" "," ","Population Change since previous Census (Number)",..,-14288,-9877,-6414,-3326,-2551,-2047,30,-1759,-1112,19,-321,-635,-919,-82,443,3013,831,660,-1042,593,4361,3859,2964
" "," ","Annual Rate of Population Increase (No. per 1000 Pop.)",..,-22.4,-19.2,-14.8,-8.7,-7.2,-6.2,0.1,-3.8,-3.8,0.1,-2.2,-4.5,-6.6,-0.6,3.2,13.1,13.5,4.2,-6.6,3.8,21.8,25.8,14.5
" ","Wexford"
" "," ","Population (Number)",97918,86938,69104,64199,60928,54935,51756,51568,48570,48577,46611,45945,44210,42128,42270,43768,48974,50336,51782,51444,52432,58170,66070,71909
" "," ","Population Change since previous Census (Number)",..,-10980,-17834,-4905,-3271,-5993,-3179,-188,-2998,7,-1966,-666,-1735,-2082,142,1498,5206,1362,1446,-338,988,5738,7900,5839
" "," ","Annual Rate of Population Increase (No. per 1000 Pop.)",..,-11.8,-22.7,-7.3,-5.2,-10.3,-5.9,-0.4,-4.0,0.0,-4.1,-2.9,-7.7,-9.6,0.7,7.0,14.1,13.8,5.7,-1.3,3.8,17.5,32.3,17.1
" ","Wicklow"
" "," ","Population (Number)",63489,50230,44122,39496,35101,31054,30584,31113,28911,29868,30152,31587,29933,29150,30231,33318,41969,43663,46980,48076,50823,56800,62905,67542
" "," ","Population Change since previous Census (Number)",..,-13259,-6108,-4626,-4395,-4047,-470,529,-2202,957,284,1435,-1654,-783,1081,3087,8651,1694,3317,1096,2747,5977,6105,4637
" "," ","Annual Rate of Population Increase (No. per 1000 Pop.)",..,-23.2,-12.9,-11.0,-11.7,-12.2,-1.5,1.7,-4.9,3.3,0.9,9.3,-10.7,-5.3,7.3,19.6,29.3,20.0,14.8,4.6,11.2,18.7,25.9,14.3
" ","Munster"
" "," ","Population (Number)",1186190,904979,744682,686106,659994,587611,540970,526130,493628,485412,467698,460365,446782,431292,436368,447271,497411,506857,514708,507095,518217,550118,589933,620260
" "," ","Population Change since previous Census (Number)",..,-281211,-160297,-58576,-26112,-72383,-46641,-14840,-32502,-8216,-17714,-7333,-13583,-15490,5076,10903,50140,9446,7851,-7613,11122,31901,39815,30327
" "," ","Annual Rate of Population Increase (No. per 1000 Pop.)",..,-26.7,-19.3,-8.2,-3.9,-11.5,-8.2,-2.8,-4.2,-1.7,-3.7,-3.2,-6.0,-7.0,2.3,4.9,13.4,9.5,3.1,-3.0,4.3,10.0,17.6,10.1
" ","Clare"
" "," ","Population (Number)",144109,103953,82541,73442,71058,63138,57386,53877,50071,47957,45350,43473,40868,38904,38667,39002,43945,45366,46913,46367,47789,52063,56048,58298
" "," ","Population Change since previous Census (Number)",..,-40156,-21412,-9099,-2384,-7920,-5752,-3509,-3806,-2114,-2607,-1877,-2605,-1964,-237,335,4943,1421,1547,-546,1422,4274,3985,2250
" "," ","Annual Rate of Population Increase (No. per 1000 Pop.)",..,-32.1,-22.8,-11.6,-3.3,-11.7,-9.5,-6.3,-4.9,-4.3,-5.6,-8.4,-12.3,-9.8,-1.2,1.7,15.0,16.0,6.7,-2.3,6.1,14.4,18.6,7.9
" ","Cork"
" "," ","Population (Number)",420551,318149,269637,256062,246044,219988,202297,197516,183192,179620,171110,170865,167952,164708,170010,176786,199146,202388,206470,204542,209177,222317,240814,257470
" "," ","Population Change since previous Census (Number)",..,-102402,-48512,-13575,-10018,-26056,-17691,-4781,-14324,-3572,-8510,-245,-2913,-3244,5302,6776,22360,3242,4082,-1928,4635,13140,18497,16656
" "," ","Annual Rate of Population Increase (No. per 1000 Pop.)",..,-27.5,-16.4,-5.2,-4.0,-11.1,-8.3,-2.4,-5.0,-2.0,-4.8,-0.3,-3.4,-3.9,6.4,7.8,15.0,8.1,4.0,-1.9,4.5,10.2,20.2,13.5
" ","Kerry"
" "," ","Population (Number)",147307,116511,99999,97913,101208,91017,84427,81474,76863,73503,70113,66507,63965,60838,58674,58404,62185,63492,63293,61932,63801,66572,70641,72629
" "," ","Population Change since previous Census (Number)",..,-30796,-16512,-2086,3295,-10191,-6590,-2953,-4611,-3360,-3390,-3606,-2542,-3127,-2164,-270,3781,1307,-199,-1361,1869,2771,4069,1988
" "," ","Annual Rate of Population Increase (No. per 1000 Pop.)",..,-23.2,-15.2,-2.1,3.3,-10.6,-7.5,-3.6,-3.9,-4.5,-4.7,-10.5,-7.8,-10.0,-7.2,-0.9,7.9,10.5,-0.6,-4.3,6.0,7.1,14.9,5.6
" ","Limerick"
" "," ","Population (Number)",161997,127387,105712,93112,88311,78607,72456,72229,71172,72407,72039,71691,69622,67173,69135,70786,79302,81595,82686,81094,82546,87631,92680,95815
" "," ","Population Change since previous Census (Number)",..,-34610,-21675,-12600,-4801,-9704,-6151,-227,-1057,1235,-368,-348,-2069,-2449,1962,1651,8516,2293,1091,-1592,1452,5085,5049,3135
" "," ","Annual Rate of Population Increase (No. per 1000 Pop.)",..,-23.7,-18.5,-12.6,-5.3,-11.6,-8.1,-0.3,-1.0,1.7,-0.5,-1.0,-5.8,-7.1,5.8,4.7,14.3,14.4,2.7,-3.9,3.6,10.0,14.1,6.7
" ","Tipperary"
" "," ","Population (Number)",216650,160024,122483,106499,98755,86807,81399,78584,72904,72397,70999,69866,67398,64141,63416,63523,68877,69503,69728,67422,67602,70863,75818,79584
" "," ","Population Change since previous Census (Number)",..,-56626,-37541,-15984,-7744,-11948,-5408,-2815,-5680,-507,-1398,-1133,-2468,-3257,-725,107,5354,626,225,-2306,180,3261,4955,3766
" "," ","Annual Rate of Population Increase (No. per 1000 Pop.)",..,-29.8,-26.4,-13.9,-7.5,-12.8,-6.4,-3.5,-5.0,-0.7,-1.9,-3.2,-7.2,-9.9,-2.3,0.3,10.2,4.5,0.6,-6.7,0.5,7.9,17.0,9.7
" ","North Tipperary"
" "," ","Population (Number)",100558,71049,53967,46405,42773,38172,34513,32341,31020,31406,30365,29989,29228,28088,28064,28190,30118,30247,30347,29355,29290,30864,33568,35340
" "," ","Population Change since previous Census (Number)",..,-29509,-17082,-7562,-3632,-4601,-3659,-2172,-1321,386,-1041,-376,-761,-1140,-24,126,1928,129,100,-992,-65,1574,2704,1772
" "," ","Annual Rate of Population Increase (No. per 1000 Pop.)",..,-34.1,-27.1,-15.0,-8.1,-11.3,-10.0,-6.5,-2.8,1.2,-3.4,-2.5,-5.1,-7.9,-0.2,0.9,8.3,2.1,0.7,-6.6,-0.4,8.8,21.2,10.3
" ","South Tipperary"
" "," ","Population (Number)",116092,88975,68516,60094,55982,48635,46886,46243,41884,40991,40634,39877,38170,36053,35352,35333,38759,39256,39381,38067,38312,39999,42250,44244
" "," ","Population Change since previous Census (Number)",..,-27117,-20459,-8422,-4112,-7347,-1749,-643,-4359,-893,-357,-757,-1707,-2117,-701,-19,3426,497,125,-1314,245,1687,2251,1994
" "," ","Annual Rate of Population Increase (No. per 1000 Pop.)",..,-26.3,-25.8,-13.0,-7.1,-14.0,-3.7,-1.4,-6.6,-2.2,-0.9,-3.8,-8.7,-11.3,-3.9,-0.1,11.6,6.4,0.6,-6.8,1.3,7.2,13.8,9.3
" ","Waterford"
" "," ","Population (Number)",95576,78955,64310,59078,54618,48054,43005,42450,39426,39528,38087,37963,36977,35528,36466,38770,43956,44513,45618,45738,47302,50672,53932,56464
" "," ","Population Change since previous Census (Number)",..,-16621,-14645,-5232,-4460,-6564,-5049,-555,-3024,102,-1441,-124,-986,-1449,938,2304,5186,557,1105,120,1564,3370,3260,2532
" "," ","Annual Rate of Population Increase (No. per 1000 Pop.)",..,-18.9,-20.3,-8.4,-7.8,-12.7,-11.0,-1.3,-4.9,0.3,-3.7,-0.7,-5.2,-8.0,5.2,12.3,15.8,6.3,4.9,0.5,6.7,11.5,15.7,9.2
" ","Connacht"
" "," ","Population (Number)",707842,495802,454035,418728,407021,362166,323667,312089,284453,276399,257794,248955,234558,219983,210097,203694,216176,218852,220094,214131,218387,233194,254450,271110
" "," ","Population Change since previous Census (Number)",..,-212040,-41767,-35307,-11707,-44855,-38499,-11578,-27636,-8054,-18605,-8839,-14397,-14575,-9886,-6403,12482,2676,1242,-5963,4256,14807,21256,16660
" "," ","Annual Rate of Population Increase (No. per 1000 Pop.)",..,-35.0,-8.8,-8.1,-2.8,-11.6,-11.2,-3.6,-6.2,-2.9,-6.9,-7.0,-11.8,-12.7,-9.2,-6.2,7.5,6.2,1.1,-5.5,3.9,11.0,22.0,12.8
" ","Galway"
" "," ","Population (Number)",219564,157135,134057,122496,120609,108283,97923,94403,88481,89170,87435,85141,82223,78993,77696,77842,86528,88330,90625,91005,94529,104367,116476,124758
" "," ","Population Change since previous Census (Number)",..,-62429,-23078,-11561,-1887,-12326,-10360,-3520,-5922,689,-1735,-2294,-2918,-3230,-1297,146,8686,1802,2295,380,3524,9838,12109,8282
" "," ","Annual Rate of Population Increase (No. per 1000 Pop.)",..,-32.9,-15.8,-9.0,-1.6,-10.7,-10.0,-3.7,-4.3,0.8,-2.0,-5.3,-7.0,-8.0,-3.3,0.4,13.3,10.4,5.1,0.8,7.6,16.6,27.8,13.8
" ","Leitrim"
" "," ","Population (Number)",77501,56111,52562,47724,45190,39715,35098,32759,29247,27337,24065,22374,19986,18031,16444,15269,14878,14699,14205,13203,13044,13324,14903,16144
" "," ","Population Change since previous Census (Number)",..,-21390,-3549,-4838,-2534,-5475,-4617,-2339,-3512,-1910,-3272,-1691,-2388,-1955,-1587,-1175,-391,-179,-494,-1002,-159,280,1579,1241
" "," ","Annual Rate of Population Increase (No. per 1000 Pop.)",..,-31.8,-6.5,-9.6,-5.4,-12.8,-12.3,-6.9,-7.5,-6.7,-12.7,-14.5,-22.3,-20.4,-18.3,-14.7,-3.2,-6.0,-6.8,-14.5,-2.4,3.5,28.4,16.1
" ","Mayo"
" "," ","Population (Number)",194198,133264,125636,120877,119421,107498,97564,96345,86778,83213,75073,73345,68879,63844,59829,56402,58489,58987,58729,55981,56371,59149,62636,65420
" "," ","Population Change since previous Census (Number)",..,-60934,-7628,-4759,-1456,-11923,-9934,-1219,-9567,-3565,-8140,-1728,-4466,-5035,-4015,-3427,2087,498,-258,-2748,390,2778,3487,2784
" "," ","Annual Rate of Population Increase (No. per 1000 Pop.)",..,-37.0,-5.9,-3.9,-1.2,-10.5,-9.6,-1.3,-6.9,-4.2,-10.2,-4.6,-12.5,-15.1,-12.9,-11.7,4.6,4.2,-0.9,-9.5,1.4,8.0,14.4,8.7
" ","Roscommon"
" "," ","Population (Number)",127016,86411,79841,70647,66657,58000,51233,48522,43281,41308,38845,36626,34078,31477,29782,28294,28475,28653,28351,26694,26695,27583,30178,32353
" "," ","Population Change since previous Census (Number)",..,-40605,-6570,-9194,-3990,-8657,-6767,-2711,-5241,-1973,-2463,-2219,-2548,-2601,-1695,-1488,181,178,-302,-1657,1,888,2595,2175
" "," ","Annual Rate of Population Increase (No. per 1000 Pop.)",..,-37.8,-7.9,-12.2,-5.8,-13.8,-12.3,-5.4,-7.6,-4.7,-6.1,-11.7,-14.3,-15.8,-11.0,-10.2,0.8,3.1,-2.1,-12.0,0.0,5.5,22.7,14.0
" ","Sligo"
" "," ","Population (Number)",89563,62881,61939,56984,55144,48670,41849,40060,36666,35371,32376,31469,29392,27638,26346,25887,27806,28183,28184,27248,27748,28771,30257,32435
" "," ","Population Change since previous Census (Number)",..,-26682,-942,-4955,-1840,-6474,-6821,-1789,-3394,-1295,-2995,-907,-2077,-1754,-1292,-459,1919,377,1,-936,500,1023,1486,2178
" "," ","Annual Rate of Population Increase (No. per 1000 Pop.)",..,-34.8,-1.5,-8.3,-3.3,-12.4,-15.0,-4.4,-5.9,-3.6,-8.8,-5.7,-13.6,-12.2,-9.5,-3.5,9.0,6.8,0.0,-6.7,3.6,6.1,12.7,14.0
" ","Ulster (part of)"
" "," ","Population (Number)",364706,280160,255320,232520,215385,190977,173639,168323,154908,147364,138403,133269,123135,113366,108319,107335,117176,118979,121152,118343,118959,124837,135468,147977
" "," ","Population Change since previous Census (Number)",..,-84546,-24840,-22800,-17135,-24408,-17338,-5316,-13415,-7544,-8961,-5134,-10134,-9769,-5047,-984,9841,1803,2173,-2809,616,5878,10631,12509
" "," ","Annual Rate of Population Increase (No. per 1000 Pop.)",..,-26.0,-9.2,-9.3,-7.6,-12.0,-9.5,-3.1,-5.5,-5.0,-6.3,-7.5,-15.7,-16.4,-9.1,-1.8,11.0,7.7,3.6,-4.7,1.0,8.1,20.6,17.8
" ","Cavan"
" "," ","Population (Number)",120814,86610,77503,70479,64637,56772,50087,47743,43550,41446,38121,36187,33177,30277,28803,27819,28302,28338,28202,27314,27281,29015,32915,37013
" "," ","Population Change since previous Census (Number)",..,-34204,-9107,-7024,-5842,-7865,-6685,-2344,-4193,-2104,-3325,-1934,-3010,-2900,-1474,-984,483,36,-136,-888,-33,1734,3900,4098
" "," ","Annual Rate of Population Increase (No. per 1000 Pop.)",..,-32.7,-11.0,-9.5,-8.6,-12.9,-12.5,-4.8,-6.1,-4.9,-8.3,-10.4,-17.2,-18.1,-9.9,-6.9,2.2,0.6,-1.0,-6.4,-0.2,10.3,32.0,23.7
" ","Donegal"
" "," ","Population (Number)",145821,124723,115875,106080,100671,91478,86444,84627,78100,73924,70269,67964,62664,58501,55606,55424,62629,63962,65906,64817,65520,69016,73970,80523
" "," ","Population Change since previous Census (Number)",..,-21098,-8848,-9795,-5409,-9193,-5034,-1817,-6527,-4176,-3655,-2305,-5300,-4163,-2895,-182,7205,1333,1944,-1089,703,3496,4954,6553
" "," ","Annual Rate of Population Increase (No. per 1000 Pop.)",..,-15.5,-7.3,-8.8,-5.2,-9.5,-5.6,-2.1,-5.3,-5.5,-5.1,-6.6,-16.1,-13.7,-10.1,-0.7,15.4,10.6,6.0,-3.3,2.2,8.7,17.5,17.1
" ","Monaghan"
" "," ","Population (Number)",98071,68827,61942,55961,50077,42727,37108,35953,33258,31994,30013,29118,27294,24588,23910,24092,26245,26679,27044,26212,26158,26806,28583,30441
" "," ","Population Change since previous Census (Number)",..,-29244,-6885,-5981,-5884,-7350,-5619,-1155,-2695,-1264,-1981,-895,-1824,-2706,-678,182,2153,434,365,-832,-54,648,1777,1858
" "," ","Annual Rate of Population Increase (No. per 1000 Pop.)",..,-34.8,-10.5,-10.1,-11.0,-15.7,-14.0,-3.2,-5.2,-3.9,-6.4,-6.0,-12.9,-20.7,-5.6,1.5,10.8,8.2,2.7,-6.2,-0.4,4.1,16.2,12.7
"Female"
" ","State"
" "," ","Population (Number)",3306314,2617079,2233069,2060719,1957582,1740093,1611738,1550179,1465103,1447966,1460230,1453996,1435336,1401792,1434970,1482488,1674945,1714051,1770953,1772301,1825855,1971039,2118677,2315553
" "," ","Population Change since previous Census (Number)",..,-689235,-384010,-172350,-103137,-217489,-128355,-61559,-85076,-17137,12264,-6234,-18660,-33544,33178,47518,192457,39106,56902,1348,53554,145184,147638,196876
" "," ","Annual Rate of Population Increase (No. per 1000 Pop.)",..,-23.1,-15.7,-8.0,-5.1,-11.7,-7.6,-3.9,-3.8,-1.2,0.8,-0.9,-2.6,-4.7,4.7,6.5,15.4,11.6,6.6,0.2,6.0,12.8,18.2,17.9
" ","Leinster"
" "," ","Population (Number)",1009984,859201,742630,684337,648951,599913,581020,579077,575192,609132,650135,672568,680489,680241,720167,760680,881352,905855,938913,947100,980033,1067564,1153803,1271462
" "," ","Population Change since previous Census (Number)",..,-150783,-116571,-58293,-35386,-49038,-18893,-1943,-3885,33940,41003,22433,7921,-248,39926,40513,120672,24503,33058,8187,32933,87531,86239,117659
" "," ","Annual Rate of Population Increase (No. per 1000 Pop.)",..,-16.0,-14.5,-8.1,-5.3,-7.8,-3.2,-0.3,-0.4,5.7,6.5,6.8,2.3,-0.1,11.5,11.0,18.6,13.8,7.2,1.7,6.9,14.4,19.6,19.6
" ","Carlow"
" "," ","Population (Number)",43800,35062,28998,26186,23490,20384,18739,17771,16674,16386,16379,16314,16222,15982,16273,16735,18925,19625,20172,20157,20530,22611,24738,27181
" "," ","Population Change since previous Census (Number)",..,-8738,-6064,-2812,-2696,-3106,-1645,-968,-1097,-288,-7,-65,-92,-240,291,462,2190,700,547,-15,373,2081,2127,2443
" "," ","Annual Rate of Population Increase (No. per 1000 Pop.)",..,-22.0,-18.8,-10.1,-10.8,-14.1,-8.4,-5.3,-4.2,-1.7,0.0,-0.8,-1.1,-3.0,3.6,5.6,15.5,18.3,5.5,-0.1,3.7,16.2,22.7,19.0
" ","Dublin"
" "," ","Population (Number)",201843,217861,218817,217154,221170,221807,236420,250832,266659,309827,343988,366896,376154,383328,419355,446211,510579,520822,529170,532872,549298,578746,604619,653167
" "," ","Population Change since previous Census (Number)",..,16018,956,-1663,4016,637,14613,14412,15827,43168,34161,22908,9258,7174,36027,26856,64368,10243,8348,3702,16426,29448,25873,48548
" "," ","Annual Rate of Population Increase (No. per 1000 Pop.)",..,7.7,0.4,-0.8,1.8,0.3,6.4,5.9,4.1,15.1,10.5,13.0,5.0,3.8,18.1,12.5,17.0,10.0,3.2,1.4,6.1,8.7,11.0,15.6
" ","Kildare"
" "," ","Population (Number)",56458,47195,41986,38668,35103,31799,28863,28943,26041,25936,28792,30073,30846,30352,31575,34698,46519,50155,56705,60449,66985,81209,92145,105654
" "," ","Population Change since previous Census (Number)",..,-9263,-5209,-3318,-3565,-3304,-2936,80,-2902,-105,2856,1281,773,-494,1223,3123,11821,3636,6550,3744,6536,14224,10936,13509
" "," ","Annual Rate of Population Increase (No. per 1000 Pop.)",..,-17.8,-11.6,-8.2,-9.6,-9.8,-9.6,0.3,-7.0,-0.4,10.5,8.7,5.1,-3.2,7.9,19.0,37.3,38.3,24.9,12.9,20.7,32.6,32.1,27.7
" ","Kilkenny"
" "," ","Population (Number)",103306,82255,64198,56414,50560,43793,39064,36411,33906,32125,31248,30548,30162,29416,29073,29645,33468,34411,35861,36188,37192,39799,43295,47631
" "," ","Population Change since previous Census (Number)",..,-21051,-18057,-7784,-5854,-6767,-4729,-2653,-2505,-1781,-877,-700,-386,-746,-343,572,3823,943,1450,327,1004,2607,3496,4336
" "," ","Annual Rate of Population Increase (No. per 1000 Pop.)",..,-22.5,-24.5,-12.8,-10.9,-14.3,-11.4,-7.0,-4.7,-5.4,-2.8,-4.5,-2.5,-5.0,-2.3,3.9,15.3,14.0,8.3,1.8,5.5,11.4,21.3,19.3
" ","Laois"
" "," ","Population (Number)",77527,56108,45538,39928,36263,31712,27723,25918,24342,22960,22946,22276,21854,21080,20973,21454,23744,24397,25753,25410,25785,28643,32650,39972
" "," ","Population Change since previous Census (Number)",..,-21419,-10570,-5610,-3665,-4551,-3989,-1805,-1576,-1382,-14,-670,-422,-774,-107,481,2290,653,1356,-343,375,2858,4007,7322
" "," ","Annual Rate of Population Increase (No. per 1000 Pop.)",..,-31.8,-20.7,-13.1,-9.6,-13.3,-13.4,-6.7,-4.2,-5.8,-0.1,-5.9,-3.8,-7.2,-1.0,4.5,12.8,13.7,10.9,-2.7,2.9,17.7,33.3,41.3
" ","Longford"
" "," ","Population (Number)",57881,41307,35650,31989,30239,25966,22858,21164,19042,17695,16896,16165,15492,14510,13744,13359,14726,14906,15343,14754,14698,15274,16818,19351
" "," ","Population Change since previous Census (Number)",..,-16574,-5657,-3661,-1750,-4273,-3108,-1694,-2122,-1347,-799,-731,-673,-982,-766,-385,1367,180,437,-589,-56,576,1544,2533
" "," ","Annual Rate of Population Increase (No. per 1000 Pop.)",..,-33.2,-14.6,-10.8,-5.6,-15.1,-12.7,-7.7,-7.0,-7.3,-4.6,-8.8,-8.5,-13.0,-10.8,-5.7,12.3,6.1,5.8,-7.8,-0.8,6.4,24.4,28.5
" ","Louth"
" "," ","Population (Number)",65943,55405,46472,42988,39695,35796,33154,31474,30990,31510,32795,33885,34406,33751,34855,37440,43074,44389,46280,45901,46525,51332,55932,62134
" "," ","Population Change since previous Census (Number)",..,-10538,-8933,-3484,-3293,-3899,-2642,-1680,-484,520,1285,1090,521,-655,1104,2585,5634,1315,1891,-379,624,4807,4600,6202
" "," ","Annual Rate of Population Increase (No. per 1000 Pop.)",..,-17.3,-17.4,-7.8,-7.9,-10.3,-7.6,-5.2,-1.0,1.7,4.0,6.6,3.1,-3.8,6.5,14.4,17.7,15.1,8.4,-1.6,2.7,16.5,21.7,21.3
" ","Meath"
" "," ","Population (Number)",91334,69935,54573,47121,43154,37763,32740,31157,29887,28904,31282,31357,31932,31296,32446,34752,44011,46462,50950,52079,54392,66272,80180,92225
" "," ","Population Change since previous Census (Number)",..,-21399,-15362,-7452,-3967,-5391,-5023,-1583,-1270,-983,2378,75,575,-636,1150,2306,9259,2451,4488,1129,2313,11880,13908,12045
" "," ","Annual Rate of Population Increase (No. per 1000 Pop.)",..,-26.3,-24.5,-14.6,-8.8,-13.3,-14.2,-4.9,-2.8,-3.3,7.9,0.5,3.6,-4.0,7.2,13.8,30.0,27.5,18.6,4.4,8.7,33.5,48.8,28.4
" ","Offaly"
" "," ","Population (Number)",74206,56792,44530,37593,35746,31786,29122,27028,25026,23753,24375,24238,24379,24345,24710,24800,27550,28022,29016,28602,29114,31478,34931,38257
" "," ","Population Change since previous Census (Number)",..,-17414,-12262,-6937,-1847,-3960,-2664,-2094,-2002,-1273,622,-137,141,-34,365,90,2750,472,994,-414,512,2364,3453,3326
" "," ","Annual Rate of Population Increase (No. per 1000 Pop.)",..,-26.4,-24.0,-16.8,-5.0,-11.7,-8.7,-7.4,-5.1,-5.2,2.6,-1.1,1.2,-0.3,3.0,0.7,13.2,8.5,7.0,-2.9,3.6,13.1,26.4,18.4
" ","Westmeath"
" "," ","Population (Number)",70917,55312,44661,38628,35320,31182,29749,28076,26667,25667,25891,25726,26020,25678,25799,26026,29328,30135,31331,30874,31715,35898,39527,43381
" "," ","Population Change since previous Census (Number)",..,-15605,-10651,-6033,-3308,-4138,-1433,-1673,-1409,-1000,224,-165,294,-342,121,227,3302,807,1196,-457,841,4183,3629,3854
" "," ","Annual Rate of Population Increase (No. per 1000 Pop.)",..,-24.5,-21.2,-14.4,-8.9,-12.4,-4.7,-5.8,-3.4,-3.8,0.9,-1.3,2.3,-2.6,0.9,1.8,15.0,13.7,7.8,-2.9,5.4,20.9,24.4,18.8
" ","Wexford"
" "," ","Population (Number)",104115,93220,74850,68467,62926,56843,52348,50705,47278,45668,45244,44087,43049,41180,41167,42583,47447,48745,50770,50625,51939,58426,65679,73411
" "," ","Population Change since previous Census (Number)",..,-10895,-18370,-6383,-5541,-6083,-4495,-1643,-3427,-1610,-424,-1157,-1038,-1869,-13,1416,4864,1298,2025,-145,1314,6487,7253,7732
" "," ","Annual Rate of Population Increase (No. per 1000 Pop.)",..,-11.0,-21.7,-8.9,-8.4,-10.1,-8.2,-3.2,-4.7,-3.5,-0.9,-5.2,-4.8,-8.8,-0.1,6.8,13.6,13.6,8.2,-0.6,5.1,19.8,29.7,22.5
" ","Wicklow"
" "," ","Population (Number)",62654,48749,42357,39201,35285,31082,30240,29598,28680,28701,30299,31003,29973,29323,30197,32977,41981,43786,47562,49189,51860,57876,63289,69098
" "," ","Population Change since previous Census (Number)",..,-13905,-6392,-3156,-3916,-4203,-842,-642,-918,21,1598,704,-1030,-650,874,2780,9004,1805,3776,1627,2671,6016,5413,5809
" "," ","Annual Rate of Population Increase (No. per 1000 Pop.)",..,-24.8,-14.0,-7.7,-10.5,-12.6,-2.7,-2.1,-2.1,0.1,5.4,4.6,-6.7,-4.4,5.9,17.8,30.6,21.3,16.7,6.7,10.6,18.5,22.6,17.7
" ","Munster"
" "," ","Population (Number)",1209971,952757,768876,707379,671121,584791,535218,509365,476274,456860,449608,438505,430456,417911,422966,434731,482408,491458,505869,502438,515686,550496,583407,625828
" "," ","Population Change since previous Census (Number)",..,-257214,-183881,-61497,-36258,-86330,-49573,-25853,-33091,-19414,-7252,-11103,-8049,-12545,5055,11765,47677,9050,14411,-3431,13248,34810,32911,42421
" "," ","Annual Rate of Population Increase (No. per 1000 Pop.)",..,-23.6,-21.2,-8.3,-5.2,-13.7,-8.8,-4.9,-4.5,-4.2,-1.6,-5.0,-3.7,-5.9,2.4,5.5,13.1,9.3,5.8,-1.4,5.2,10.9,14.6,14.1
" ","Clare"
" "," ","Population (Number)",142285,108487,83764,74422,70399,61345,54948,50355,44993,41922,39714,37856,36308,34798,34930,36006,40974,42201,44431,44551,46217,51214,54902,58898
" "," ","Population Change since previous Census (Number)",..,-33798,-24723,-9342,-4023,-9054,-6397,-4593,-5362,-3071,-2208,-1858,-1548,-1510,132,1076,4968,1227,2230,120,1666,4997,3688,3996
" "," ","Annual Rate of Population Increase (No. per 1000 Pop.)",..,-26.8,-25.5,-11.8,-5.5,-13.7,-11.0,-8.7,-7.5,-7.0,-5.4,-9.5,-8.3,-8.5,0.8,6.1,16.3,14.9,10.4,0.5,7.4,17.3,17.5,14.2
" ","Cork"
" "," ","Population (Number)",433567,331159,275181,261014,249563,218444,202314,194588,182555,176337,172558,170419,168711,165735,169693,176097,196972,200077,206265,205827,211333,225512,240481,261562
" "," ","Population Change since previous Census (Number)",..,-102408,-55978,-14167,-11451,-31119,-16130,-7726,-12033,-6218,-3779,-2139,-1708,-2976,3958,6404,20875,3105,6188,-438,5506,14179,14969,21081
" "," ","Annual Rate of Population Increase (No. per 1000 Pop.)",..,-26.6,-18.3,-5.3,-4.5,-13.2,-7.6,-3.9,-4.2,-3.5,-2.2,-2.5,-2.0,-3.6,4.7,7.4,14.1,7.9,6.1,-0.4,5.3,10.9,16.2,16.9
" ","Kerry"
" "," ","Population (Number)",146573,121743,101801,98673,99831,88119,81299,78217,72308,66331,63780,60137,58107,55620,54111,54368,58171,59278,60866,59962,62329,65955,69194,72873
" "," ","Population Change since previous Census (Number)",..,-24830,-19942,-3128,1158,-11712,-6820,-3082,-5909,-5977,-2551,-3643,-2030,-2487,-1509,257,3803,1107,1588,-904,2367,3626,3239,3679
" "," ","Annual Rate of Population Increase (No. per 1000 Pop.)",..,-18.4,-17.7,-3.1,1.2,-12.4,-8.0,-3.9,-5.2,-8.6,-3.9,-11.7,-6.8,-8.7,-5.5,0.9,8.5,9.5,5.3,-3.0,7.8,9.5,12.1,10.4
" ","Limerick"
" "," ","Population (Number)",168032,134745,111565,98824,92321,80305,73642,70840,69171,68746,70520,69548,68259,66166,68222,69673,78105,80066,81883,80862,82496,87673,91375,95994
" "," ","Population Change since previous Census (Number)",..,-33287,-23180,-12741,-6503,-12016,-6663,-2802,-1669,-425,1774,-972,-1289,-2093,2056,1451,8432,1961,1817,-1021,1634,5177,3702,4619
" "," ","Annual Rate of Population Increase (No. per 1000 Pop.)",..,-21.8,-18.7,-12.1,-6.8,-13.8,-8.6,-3.9,-1.6,-0.6,2.6,-2.8,-3.7,-6.2,6.1,4.2,14.4,12.5,4.5,-2.5,4.0,10.2,10.4,9.9
" ","Tipperary"
" "," ","Population (Number)",218903,171543,126623,110214,100857,86381,78833,73849,68111,65438,65015,63447,62017,59681,59396,60042,64864,65758,66891,65350,65933,69268,73426,79170
" "," ","Population Change since previous Census (Number)",..,-47360,-44920,-16409,-9357,-14476,-7548,-4984,-5738,-2673,-423,-1568,-1430,-2336,-285,646,4822,894,1133,-1541,583,3335,4158,5744
" "," ","Annual Rate of Population Increase (No. per 1000 Pop.)",..,-24.1,-29.9,-13.8,-8.8,-15.4,-9.1,-6.5,-5.4,-4.0,-0.6,-4.9,-4.5,-7.6,-1.0,2.2,9.7,6.9,3.4,-4.7,1.8,8.3,14.7,15.2
" ","North Tipperary"
" "," ","Population (Number)",100603,76115,55253,47212,43558,38048,33302,30540,28625,28145,27738,27020,26469,25608,25779,26147,28358,28737,29175,28499,28731,30146,32455,34982
" "," ","Population Change since previous Census (Number)",..,-24488,-20862,-8041,-3654,-5510,-4746,-2762,-1915,-480,-407,-718,-551,-861,171,368,2211,379,438,-676,232,1415,2309,2527
" "," ","Annual Rate of Population Increase (No. per 1000 Pop.)",..,-27.5,-31.5,-15.6,-8.0,-13.4,-13.2,-8.6,-4.3,-1.7,-1.5,-5.2,-4.1,-6.6,1.3,2.8,10.2,6.7,3.0,-4.7,1.6,8.0,18.6,15.1
" ","South Tipperary"
" "," ","Population (Number)",118300,95428,71370,63002,57299,48333,45531,43309,39486,37293,37277,36427,35548,34073,33617,33895,36506,37021,37716,36851,37202,39122,40971,44188
" "," ","Population Change since previous Census (Number)",..,-22872,-24058,-8368,-5703,-8966,-2802,-2222,-3823,-2193,-16,-850,-879,-1475,-456,278,2611,515,695,-865,351,1920,1849,3217
" "," ","Annual Rate of Population Increase (No. per 1000 Pop.)",..,-21.3,-28.6,-12.4,-9.4,-16.9,-6.0,-5.0,-6.1,-5.7,0.0,-4.6,-4.9,-8.4,-2.7,1.6,9.3,7.0,3.7,-4.6,1.9,8.4,11.6,15.2
" ","Waterford"
" "," ","Population (Number)",100611,85080,69942,64232,58150,50197,44182,41516,39136,38086,38021,37098,37054,35911,36614,38545,43322,44078,45533,45886,47378,50874,54029,57331
" "," ","Population Change since previous Census (Number)",..,-15531,-15138,-5710,-6082,-7953,-6015,-2666,-2380,-1050,-65,-923,-44,-1143,703,1931,4777,756,1455,353,1492,3496,3155,3302
" "," ","Annual Rate of Population Increase (No. per 1000 Pop.)",..,-16.6,-19.4,-8.5,-9.9,-14.6,-12.7,-6.2,-3.9,-2.7,-0.2,-4.9,-0.2,-6.2,3.9,10.3,14.7,8.7,6.5,1.5,6.4,11.9,15.2,11.9
" ","Connacht"
" "," ","Population (Number)",711017,514229,459100,427485,414636,362608,323265,298895,268454,249069,235003,222940,211663,199482,191853,187208,202324,205558,211315,208900,214844,231102,249671,271437
" "," ","Population Change since previous Census (Number)",..,-196788,-55129,-31615,-12849,-52028,-39343,-24370,-30441,-19385,-14066,-12063,-11277,-12181,-7629,-4645,15116,3234,5757,-2415,5944,16258,18569,21766
" "," ","Annual Rate of Population Increase (No. per 1000 Pop.)",..,-31.9,-11.3,-7.1,-3.0,-13.3,-11.4,-7.8,-7.1,-7.5,-5.8,-10.5,-10.3,-11.8,-7.8,-4.9,9.8,8.0,5.5,-2.3,5.6,12.2,19.5,16.9
" ","Galway"
" "," ","Population (Number)",220634,164549,137421,125962,121396,106429,94626,87821,80885,79028,77766,75063,73330,70894,70644,71381,81310,83688,87927,89359,94325,104710,115194,125895
" "," ","Population Change since previous Census (Number)",..,-56085,-27128,-11459,-4566,-14967,-11803,-6805,-6936,-1857,-1262,-2703,-1733,-2436,-250,737,9929,2378,4239,1432,4966,10385,10484,10701
" "," ","Annual Rate of Population Increase (No. per 1000 Pop.)",..,-28.9,-17.9,-8.7,-3.7,-13.1,-11.7,-7.4,-5.5,-2.3,-1.6,-7.1,-4.7,-6.7,-0.7,2.1,16.4,14.5,9.9,3.2,10.9,17.6,24.1,17.9
" ","Leitrim"
" "," ","Population (Number)",77796,55786,52182,47838,45182,38903,34245,30823,26660,23571,20526,18835,17070,15439,14128,13091,12966,12910,12830,12098,12013,12475,14047,15654
" "," ","Population Change since previous Census (Number)",..,-22010,-3604,-4344,-2656,-6279,-4658,-3422,-4163,-3089,-3045,-1691,-1765,-1631,-1311,-1037,-125,-56,-80,-732,-85,462,1572,1607
" "," ","Annual Rate of Population Increase (No. per 1000 Pop.)",..,-32.7,-6.7,-8.7,-5.7,-14.9,-12.7,-10.5,-9.6,-12.2,-13.7,-17.0,-19.5,-19.9,-17.6,-15.1,-1.2,-2.2,-1.2,-11.7,-1.4,6.3,30.1,21.9
" ","Mayo"
" "," ","Population (Number)",194689,141235,129160,125153,125791,111536,101602,95832,85912,78136,73047,68522,64173,59486,55718,53123,55530,55779,56455,54732,55153,58297,61203,65218
" "," ","Population Change since previous Census (Number)",..,-53454,-12075,-4007,638,-14255,-9934,-5770,-9920,-7776,-5089,-4525,-4349,-4687,-3768,-2595,2407,249,676,-1723,421,3144,2906,4015
" "," ","Annual Rate of Population Increase (No. per 1000 Pop.)",..,-31.6,-8.9,-3.1,0.5,-12.0,-9.3,-5.8,-7.3,-9.4,-6.7,-12.7,-13.0,-15.1,-13.0,-9.5,5.6,2.2,2.4,-6.2,1.5,9.3,12.2,12.8
" ","Roscommon"
" "," ","Population (Number)",126575,87025,77431,70023,65833,56397,50558,45434,40275,36258,33665,31476,29632,27740,26446,25225,25714,25890,26241,25203,25280,26191,28590,31712
" "," ","Population Change since previous Census (Number)",..,-39550,-9594,-7408,-4190,-9436,-5839,-5124,-5159,-4017,-2593,-2189,-1844,-1892,-1294,-1221,489,176,351,-1038,77,911,2399,3122
" "," ","Annual Rate of Population Increase (No. per 1000 Pop.)",..,-36.8,-11.6,-10.0,-6.2,-15.4,-10.9,-10.6,-8.0,-10.5,-7.4,-13.4,-12.0,-13.1,-9.5,-9.4,2.4,3.4,2.7,-8.0,0.6,5.9,22.2,20.9
" ","Sligo"
" "," ","Population (Number)",91323,65634,62906,58509,56434,49343,42234,38985,34722,32076,29999,29044,27458,25923,24917,24388,26804,27291,27862,27508,28073,29429,30637,32958
" "," ","Population Change since previous Census (Number)",..,-25689,-2728,-4397,-2075,-7091,-7109,-3249,-4263,-2646,-2077,-955,-1586,-1535,-1006,-529,2416,487,571,-354,565,1356,1208,2321
" "," ","Annual Rate of Population Increase (No. per 1000 Pop.)",..,-32.5,-4.2,-7.2,-3.6,-13.3,-15.4,-8.0,-7.7,-7.9,-6.7,-6.4,-11.2,-11.4,-7.9,-4.3,11.9,9.0,4.1,-2.6,4.1,7.9,10.1,14.7
" ","Ulster (part of)"
" "," ","Population (Number)",375342,290892,262463,241518,222874,192781,172235,162842,145183,132905,125484,119983,112728,104158,99984,99869,108861,111180,114856,113863,115292,121877,131796,146826
" "," ","Population Change since previous Census (Number)",..,-84450,-28429,-20945,-18644,-30093,-20546,-9393,-17659,-12278,-7421,-5501,-7255,-8570,-4174,-115,8992,2319,3676,-993,1429,6585,9919,15030
" "," ","Annual Rate of Population Increase (No. per 1000 Pop.)",..,-25.2,-10.2,-8.3,-8.0,-14.4,-11.2,-5.6,-7.6,-8.8,-5.7,-8.9,-12.4,-15.7,-8.1,-0.2,10.8,10.6,6.5,-1.7,2.5,9.3,19.8,21.8
" ","Cavan"
" "," ","Population (Number)",122344,87461,76403,70256,64839,55145,47454,43430,38902,35224,32234,30190,28563,26317,25219,24799,25418,25517,25763,25482,25663,27531,31088,36170
" "," ","Population Change since previous Census (Number)",..,-34883,-11058,-6147,-5417,-9694,-7691,-4024,-4528,-3678,-2990,-2044,-1627,-2246,-1098,-420,619,99,246,-281,181,1868,3557,5082
" "," ","Annual Rate of Population Increase (No. per 1000 Pop.)",..,-33.0,-13.4,-8.4,-8.0,-16.1,-14.9,-8.8,-7.3,-9.9,-8.8,-13.0,-11.0,-16.2,-8.5,-3.4,3.1,1.9,1.9,-2.2,1.4,11.8,30.8,30.7
" ","Donegal"
" "," ","Population (Number)",150627,130435,121520,112254,105364,94157,87278,83910,74408,68386,66048,63566,59395,55341,52943,52920,59312,61150,63758,63300,64474,68559,73294,80614
" "," ","Population Change since previous Census (Number)",..,-20192,-8915,-9266,-6890,-11207,-6879,-3368,-9502,-6022,-2338,-2482,-4171,-4054,-2398,-23,6392,1838,2608,-458,1174,4085,4735,7320
" "," ","Annual Rate of Population Increase (No. per 1000 Pop.)",..,-14.3,-7.1,-7.9,-6.3,-11.2,-7.6,-3.9,-8.0,-8.4,-3.5,-7.6,-13.5,-14.0,-8.8,-0.1,14.4,15.4,8.4,-1.4,3.7,10.3,16.8,19.2
" ","Monaghan"
" "," ","Population (Number)",102371,72996,64540,59008,52671,43479,37503,35502,31873,29295,27202,26227,24770,22500,21822,22150,24131,24513,25335,25081,25155,25787,27414,30042
" "," ","Population Change since previous Census (Number)",..,-29375,-8456,-5532,-6337,-9192,-5976,-2001,-3629,-2578,-2093,-975,-1457,-2270,-678,328,1981,382,822,-254,74,632,1627,2628
" "," ","Annual Rate of Population Increase (No. per 1000 Pop.)",..,-33.3,-12.2,-8.9,-11.3,-19.0,-14.7,-5.5,-7.2,-8.4,-7.4,-7.3,-11.4,-19.0,-6.1,3.0,10.8,7.9,6.6,-2.0,0.6,4.1,15.4,18.5

