"Recorded Crime Offences (Number) by Garda Region, Type of Offence and"
"Quarter"

" "," ","2003Q1","2003Q2","2003Q3","2003Q4","2004Q1","2004Q2","2004Q3","2004Q4","2005Q1","2005Q2","2005Q3","2005Q4","2006Q1","2006Q2","2006Q3","2006Q4","2007Q1","2007Q2","2007Q3","2007Q4","2008Q1","2008Q2","2008Q3","2008Q4","2009Q1","2009Q2","2009Q3","2009Q4","2010Q1","2010Q2","2010Q3","2010Q4","2011Q1","2011Q2","2011Q3","2011Q4","2012Q1","2012Q2","2012Q3","2012Q4","2013Q1","2013Q2","2013Q3","2013Q4","2014Q1","2014Q2","2014Q3","2014Q4","2015Q1","2015Q2","2015Q3","2015Q4","2016Q1","2016Q2","2016Q3","2016Q4"
"1 ,Northern Region"
" ","01 ,Homicide offences",3,0,6,2,5,3,5,3,6,4,4,3,3,8,2,5,5,3,3,3,3,3,1,3,1,3,1,2,5,3,2,4,2,3,0,2,3,1,3,2,5,3,5,0,3,1,2,1,1,1,5,3,3,0,7,1
" ","0111 ,Murder",1,0,2,1,1,1,2,1,2,2,0,1,2,2,1,2,0,1,2,3,2,1,0,1,0,0,0,1,2,0,1,2,1,2,0,1,3,1,2,2,2,1,3,0,2,0,1,1,0,0,4,2,0,0,4,1
" ","0112 ,Manslaughter",1,0,0,0,1,0,0,0,0,0,1,0,0,0,0,0,0,1,0,0,0,0,0,0,0,0,0,0,0,0,1,0,0,0,0,0,0,0,0,0,0,0,0,0,0,0,0,0,0,0,0,0,0,0,0,0
" ","0113 ,Infanticide",0,0,0,0,0,0,0,0,0,0,0,0,0,0,0,0,0,0,0,0,0,0,0,0,0,0,0,0,0,0,0,0,0,0,0,0,0,0,0,0,0,0,0,0,0,0,0,0,0,0,0,0,0,0,0,0
" ","012 ,Dangerous driving leading to death",1,0,4,1,3,2,3,2,4,2,3,2,1,6,1,3,5,1,1,0,1,2,1,2,1,3,1,1,3,3,0,2,1,1,0,1,0,0,1,0,3,2,2,0,1,1,1,0,1,1,1,1,3,0,3,0
" ","02 ,Sexual offences",117,57,47,46,85,62,49,32,126,59,52,54,45,35,51,42,45,50,46,51,49,47,43,36,55,82,69,53,79,82,122,45,66,54,73,48,90,59,66,75,54,57,49,62,53,54,59,51,76,78,53,55,82,91,64,57
" ","021 ,Rape and sexual assault",112,56,46,46,84,60,49,31,123,56,49,52,43,33,48,38,38,47,44,48,47,44,42,33,54,77,68,51,73,75,111,44,61,47,69,43,79,59,60,70,51,54,42,56,46,50,51,47,74,75,48,47,70,80,53,50
" ","022 ,Other sexual offences",5,1,1,0,1,2,0,1,3,3,3,2,2,2,3,4,7,3,2,3,2,3,1,3,1,5,1,2,6,7,11,1,5,7,4,5,11,0,6,5,3,3,7,6,7,4,8,4,2,3,5,8,12,11,11,7
" ","03 ,Attempts/threats to murder, assaults, harassments and related offences",533,494,608,509,477,538,447,462,488,466,545,570,500,501,598,693,594,670,668,739,709,802,771,666,651,652,686,610,583,642,696,545,596,603,541,555,537,541,551,517,475,493,524,417,455,543,513,548,493,490,600,528,530,552,560,492
" ","0311 ,Murder-attempt",0,0,0,0,0,0,1,0,0,0,0,0,0,0,1,1,0,0,0,1,0,0,1,0,0,0,0,0,1,0,0,0,1,0,0,1,0,0,0,0,0,0,1,0,0,0,0,0,0,0,0,1,0,1,0,0
" ","0312 ,Murder-threat",1,1,0,0,0,1,0,0,0,0,0,0,1,0,0,0,2,4,5,4,8,3,4,1,5,1,6,10,7,15,7,7,5,5,7,8,6,12,5,6,6,11,9,8,10,15,10,17,16,20,28,16,17,28,25,19
" ","033 ,Harassment and related offences",66,33,71,45,66,61,40,44,62,71,69,66,70,69,81,90,111,100,91,114,127,141,137,97,127,109,118,106,109,100,105,79,86,78,81,67,77,85,62,62,78,76,60,41,60,73,67,51,70,47,46,55,58,43,37,49
" ","034 ,Assault causing harm, poisoning",130,126,121,120,111,105,126,110,130,106,138,114,141,139,135,174,111,146,150,135,129,126,108,105,113,119,115,120,112,129,134,99,130,119,96,107,117,104,112,106,110,91,125,83,110,125,108,125,102,114,129,118,128,119,112,125
" ","035 ,Other assault",336,334,416,344,300,371,280,308,296,289,338,390,288,293,381,428,370,420,422,485,445,532,521,463,406,423,447,374,354,398,450,360,374,401,357,372,337,340,372,343,281,315,329,285,275,330,328,355,305,309,397,338,327,361,386,299
" ","04 ,Dangerous or negligent acts",389,456,459,507,419,436,471,497,464,552,548,707,586,786,810,924,775,879,832,740,703,737,656,681,628,597,547,422,435,404,394,351,365,337,317,287,278,276,318,295,255,245,220,235,243,230,222,255,209,226,245,278,244,275,308,287
" ","0411 ,Dangerous driving causing serious bodily harm",1,1,3,1,3,1,0,0,3,1,1,2,1,1,0,2,0,0,1,0,3,1,0,0,3,0,2,1,0,1,1,1,0,0,1,0,0,0,1,0,0,1,2,1,0,0,1,0,0,2,0,0,0,1,1,0
" ","0412 ,Driving/in charge of a vehicle while over legal alcohol limit",376,432,439,495,404,412,455,480,444,534,529,690,569,766,794,909,758,838,804,718,666,712,621,648,597,561,501,401,398,377,368,331,344,319,295,268,262,258,304,280,242,233,204,222,226,223,208,237,199,211,227,265,235,252,297,270
" ","0413 ,Driving/in charge of a vehicle under the influence of drugs",2,4,3,3,3,8,1,2,3,2,2,1,0,2,0,0,0,2,2,0,9,7,10,10,6,12,9,9,6,8,6,5,6,6,6,3,1,2,3,2,0,4,2,5,1,3,2,6,2,4,1,5,2,7,3,3
" ","0421 ,Endangerment with potential for serious harm/death",1,1,1,1,3,4,6,0,1,1,3,1,2,1,2,4,3,1,2,3,4,0,0,3,3,0,2,0,5,3,4,1,2,3,4,2,2,4,2,4,2,2,5,2,2,1,5,5,1,5,3,4,3,3,3,4
" ","0422 ,Abandoning a child, child neglect and cruelty",4,16,5,2,2,6,6,9,3,8,7,7,7,14,8,3,5,29,18,15,10,12,15,16,15,17,22,6,17,10,6,3,4,7,6,8,5,7,2,1,4,3,2,4,12,2,1,1,7,0,8,1,0,7,1,6
" ","0423 ,Unseaworthy/dangerous use of boat or ship",0,0,0,0,0,0,0,0,0,0,0,0,0,0,0,0,0,0,0,0,0,1,0,0,0,1,0,0,0,0,0,0,0,0,0,0,0,0,1,0,0,0,0,0,0,0,1,0,0,1,1,0,0,0,0,0
" ","0424 ,False alarm/interference with aircraft or air transport facilities",0,0,0,0,0,0,0,0,0,0,0,0,0,0,0,0,0,0,0,0,0,0,0,0,0,0,0,0,0,0,0,0,0,0,0,0,0,0,0,0,0,0,0,0,0,0,0,0,0,0,0,0,0,0,0,0
" ","0425 ,Endangering traffic offences",5,2,8,5,4,5,3,6,10,6,6,6,7,2,6,6,9,9,5,4,11,4,10,4,4,6,11,5,9,5,9,10,9,2,5,6,8,5,5,8,7,2,5,1,2,1,4,6,0,3,5,3,4,5,3,4
" ","05 ,Kidnapping and related offences",1,1,7,0,1,1,3,3,1,2,1,1,3,1,5,4,6,5,4,3,2,6,0,4,5,3,4,1,2,4,2,6,1,3,9,4,1,0,3,2,6,0,7,9,2,5,7,1,6,3,5,3,4,3,9,2
" ","0511 ,False imprisonment",1,1,6,0,1,1,3,3,1,1,0,1,3,1,5,3,5,5,4,2,1,6,0,4,4,2,2,1,0,2,2,5,1,1,8,4,1,0,3,1,6,0,6,7,1,1,5,0,3,2,3,2,3,1,4,2
" ","0512 ,Abduction of person under 16 years of age",0,0,1,0,0,0,0,0,0,1,1,0,0,0,0,1,1,0,0,1,1,0,0,0,0,0,1,0,0,1,0,1,0,1,0,0,0,0,0,1,0,0,1,1,0,2,2,1,1,1,0,0,0,0,4,0
" ","0513 ,Human trafficking offences",0,0,0,0,0,0,0,0,0,0,0,0,0,0,0,0,0,0,0,0,0,0,0,0,1,1,1,0,2,1,0,0,0,1,1,0,0,0,0,0,0,0,0,1,1,2,0,0,2,0,2,1,1,2,1,0
" ","06 ,Robbery, extortion and hijacking offences",26,28,17,22,26,20,24,26,13,25,13,17,24,21,33,33,35,34,37,35,28,21,28,27,29,18,27,26,35,33,33,44,31,21,26,31,46,42,33,37,37,26,26,31,27,16,20,40,50,35,35,27,22,15,44,36
" ","0611 ,Robbery of an establishment or institution",8,8,4,5,6,3,5,8,4,10,4,8,11,7,15,19,15,14,18,20,11,5,9,11,12,6,8,11,12,10,14,13,17,10,13,14,21,23,12,16,17,13,13,20,9,6,8,10,25,17,14,12,7,3,22,14
" ","0612 ,Robbery of cash or goods in transit",0,0,0,0,0,1,1,1,1,0,1,1,2,0,1,1,1,0,0,0,0,1,2,0,0,1,0,1,0,2,0,1,0,0,0,0,0,0,1,3,1,0,0,0,0,0,2,2,1,0,0,0,2,0,1,0
" ","0613 ,Robbery from the person",18,18,13,9,16,15,16,15,7,14,7,7,7,6,14,13,16,17,17,9,15,12,11,15,14,11,15,9,20,18,16,28,10,8,11,10,21,15,17,12,19,13,12,7,17,7,10,24,21,15,20,12,10,9,16,18
" ","0621 ,Blackmail or extortion",0,1,0,0,1,0,0,0,0,1,0,0,0,2,0,0,3,1,1,2,1,0,1,0,2,0,2,4,0,1,1,1,2,1,0,3,2,3,0,4,0,0,1,1,0,1,0,0,1,2,1,2,2,3,4,3
" ","0631 ,Carjacking, hijacking/unlawful seizure of aircraft/vessel",0,1,0,8,3,1,2,2,1,0,1,1,4,6,3,0,0,2,1,4,1,3,5,1,1,0,2,1,3,2,2,1,2,2,2,4,2,1,3,2,0,0,0,3,1,2,0,4,2,1,0,1,1,0,1,1
" ","07 ,Burglary and related offences",510,568,537,563,501,505,539,549,507,520,586,565,536,458,389,483,508,509,494,583,592,538,517,529,573,572,580,577,487,592,521,532,549,566,668,628,679,595,565,635,560,535,513,633,567,546,526,561,519,561,594,469,375,400,369,373
" ","0711 ,Aggravated burglary",1,11,8,9,8,7,6,8,4,4,5,9,5,7,10,11,11,3,10,3,6,9,2,8,10,13,9,21,19,9,7,12,9,5,15,10,8,4,6,8,15,3,10,8,13,8,8,11,6,5,7,8,7,6,7,1
" ","0712 ,Burglary (not aggravated)",509,556,529,554,491,498,533,540,503,514,580,556,530,449,377,472,492,503,483,580,585,529,512,518,555,549,568,546,463,581,510,514,532,558,649,615,667,586,552,621,542,526,495,620,549,537,515,544,512,553,579,455,365,390,356,367
" ","0713 ,Possession of an article (with intent to burgle, steal, demand)",0,1,0,0,2,0,0,1,0,2,1,0,1,2,2,0,5,3,1,0,1,0,3,3,8,10,3,10,5,2,4,6,8,3,4,3,4,5,7,6,3,6,8,5,5,1,3,6,1,3,8,6,3,4,6,5
" ","08 ,Theft and related offences",1192,1416,1485,1224,1235,1192,1235,1258,1270,1267,1462,1292,1386,1354,1461,1401,1507,1571,1471,1427,1400,1607,1674,1590,1386,1544,1614,1373,1328,1573,1444,1273,1418,1408,1357,1140,1268,1275,1302,1170,1189,1338,1341,1160,1129,1251,1317,1344,1200,1297,1324,1238,997,1027,1102,1019
" ","081 ,Theft/taking of vehicle and related offences",268,236,226,181,258,220,230,281,245,237,281,202,242,229,244,263,301,306,276,252,251,275,335,305,272,304,242,231,220,285,218,208,244,217,207,155,182,173,191,131,137,154,166,152,160,181,146,117,137,173,122,113,88,92,73,73
" ","0821 ,Theft from person",68,72,76,68,59,64,47,64,51,46,55,66,54,48,50,44,46,35,38,29,24,23,30,37,28,21,21,22,24,22,21,23,21,24,24,19,26,25,34,29,22,18,25,23,21,26,30,25,26,21,24,25,31,15,18,18
" ","0822 ,Theft from shop",203,217,229,264,210,202,222,237,250,231,287,283,256,328,345,372,306,323,306,330,365,358,350,389,346,344,389,363,349,366,311,308,355,356,320,332,290,291,338,354,351,375,366,330,287,354,364,417,374,373,368,438,327,349,401,355
" ","084 ,Other thefts, handling stolen property",653,891,954,711,708,706,736,676,724,753,839,741,834,749,822,722,854,907,851,816,760,951,959,859,740,875,962,757,735,900,894,734,798,811,806,634,770,786,739,656,679,791,784,655,661,690,777,785,663,730,810,662,551,571,610,573
" ","09 ,Fraud, deception and related offences",89,118,102,133,131,88,99,97,120,122,97,108,142,72,133,129,217,160,211,121,136,160,162,165,165,158,156,111,157,171,175,125,142,125,124,129,154,129,125,159,119,105,104,118,102,102,95,118,149,116,134,115,101,96,118,110
" ","10 ,Controlled drug offences",159,190,205,226,169,136,151,178,190,193,187,223,249,320,245,189,219,362,319,316,322,381,361,324,317,461,376,321,305,405,325,303,300,450,327,316,282,301,285,293,186,274,225,213,197,256,182,242,225,222,174,226,215,291,212,260
" ","1011 ,Importation of drugs",0,1,0,0,0,1,0,0,1,0,0,0,0,1,1,0,0,0,0,1,0,0,0,1,0,0,0,0,0,0,2,0,0,0,0,0,1,0,0,2,2,0,1,1,0,0,0,0,0,0,0,0,0,0,0,1
" ","1012 ,Cultivation or manufacture of drugs",2,2,3,0,0,0,1,0,2,0,1,2,1,0,4,3,3,3,3,5,6,3,9,11,6,10,5,6,5,11,11,8,11,26,23,12,12,10,9,9,8,12,7,7,5,10,8,10,6,7,10,9,5,6,8,8
" ","1021 ,Possession of drugs for sale or supply",36,32,38,55,43,26,30,42,30,40,26,43,41,58,49,26,35,36,46,47,39,59,32,39,39,33,43,53,33,33,42,41,46,50,53,61,55,50,48,53,25,39,31,29,35,44,18,58,32,36,38,57,35,31,34,32
" ","1022 ,Possession of drugs for personal use",112,146,156,168,112,103,115,133,150,149,160,176,201,259,188,158,173,308,262,249,268,309,314,263,259,405,319,251,259,347,266,244,236,363,238,236,206,233,221,225,146,213,182,169,149,197,150,168,176,171,124,158,172,236,164,213
" ","103 ,Other drug offences",9,9,8,3,14,6,5,3,7,4,0,2,6,2,3,2,8,15,8,14,9,10,6,10,13,13,9,11,8,14,4,10,7,11,13,7,8,8,7,4,5,10,4,7,8,5,6,6,11,8,2,2,3,18,6,6
" ","11 ,Weapons and Explosives Offences",31,38,34,34,33,36,27,38,32,48,41,42,46,57,56,109,53,74,66,116,57,89,74,131,73,81,74,114,63,87,60,157,70,59,54,86,48,44,33,81,47,54,44,100,44,69,62,56,44,46,40,66,44,49,47,73
" ","111 ,Explosives, chemical weapons offences",0,3,2,1,0,1,0,3,2,0,0,10,3,2,5,42,0,0,0,0,0,1,0,3,1,1,2,2,2,2,1,3,2,1,1,0,0,0,1,0,2,2,1,2,2,1,1,0,0,3,2,1,1,0,2,0
" ","1121 ,Discharging a firearm",5,8,7,4,6,6,1,3,4,7,5,3,4,8,4,3,6,3,7,6,6,7,5,6,5,7,5,6,3,2,6,2,5,1,4,2,5,3,1,3,4,4,4,8,5,8,5,3,5,4,4,4,6,3,4,3
" ","1122 ,Possession of a firearm",11,7,7,12,16,14,10,6,15,11,16,6,7,14,10,13,6,17,10,7,6,10,11,6,6,17,8,10,9,16,8,10,7,6,9,3,4,4,3,0,6,3,3,7,8,6,4,4,2,6,1,3,3,3,8,5
" ","113 ,Offensive weapons offences (n.e.c.)",15,20,18,17,11,15,16,26,11,30,20,23,32,33,37,37,39,54,46,48,44,71,50,40,60,55,54,47,49,63,40,56,53,51,35,40,39,36,26,42,33,45,35,55,28,54,50,38,36,33,32,46,34,43,33,44
" ","114 ,Fireworks offences",0,0,0,0,0,0,0,0,0,0,0,0,0,0,0,14,2,0,3,55,1,0,8,76,1,1,5,49,0,4,5,86,3,0,5,41,0,1,2,36,2,0,1,28,1,0,2,11,1,0,1,12,0,0,0,21
" ","12 ,Damage to property and to the environment",986,1082,962,1011,931,915,923,1021,991,949,1078,1107,970,1107,1123,1171,1279,1173,1229,1323,1363,1271,1224,1216,1011,1119,1117,905,900,1027,955,992,925,884,805,791,751,826,787,797,731,713,709,734,602,751,701,706,632,746,715,717,563,584,563,551
" ","1211 ,Arson",48,57,58,66,55,61,46,60,48,38,40,56,46,58,64,51,54,70,65,71,75,80,88,71,83,90,93,73,57,69,58,79,60,64,70,48,46,63,52,55,43,58,65,68,54,62,61,67,37,57,69,58,42,38,67,47
" ","1212 ,Criminal damage (not arson)",935,1021,900,941,869,850,870,954,934,895,1031,1045,918,1042,1053,1115,1216,1098,1158,1244,1277,1173,1125,1136,918,1010,1011,820,832,946,890,908,858,809,723,730,669,730,691,719,673,637,614,633,513,656,623,610,570,665,631,647,510,532,493,500
" ","1221 ,Litter offences",3,4,4,4,7,4,7,7,9,16,7,6,6,7,6,5,9,5,6,8,11,18,11,9,10,19,13,12,11,12,7,5,7,11,12,13,36,33,44,23,15,18,30,33,35,33,17,29,25,24,15,12,11,14,3,4
" ","13 ,Public order and other social code offences",973,1205,1301,1622,1082,1344,1372,2002,1685,1833,1904,2017,1412,1576,1750,1845,1646,1676,1823,1925,1834,1755,1835,1831,1521,1764,1752,1700,1392,1605,1656,1515,1471,1368,1377,1306,1147,1237,1301,1149,901,934,1060,1001,838,928,895,918,703,807,943,887,869,896,890,899
" ","131 ,Disorderly conduct",831,974,1091,1117,857,1000,1002,1344,1137,1137,1332,1413,1125,1328,1528,1680,1368,1482,1626,1728,1586,1515,1622,1669,1344,1537,1498,1494,1228,1407,1416,1344,1300,1159,1193,1151,1011,1086,1133,1035,795,815,932,871,713,793,778,785,629,687,822,800,773,790,811,808
" ","132 ,Trespass offences",20,31,40,26,16,35,24,19,39,30,36,23,34,31,42,37,58,78,93,74,75,91,80,65,77,92,92,102,64,84,102,71,78,104,89,55,65,76,72,66,55,67,64,62,63,63,70,68,43,72,65,45,41,47,40,34
" ","133 ,Liquor licensing offences",97,189,148,471,185,277,331,620,497,660,515,564,246,209,160,121,175,101,84,110,159,130,121,88,92,123,143,96,91,101,111,73,81,83,77,87,57,55,78,40,40,28,46,51,47,38,28,54,24,31,40,28,46,34,16,39
" ","134 ,Prostitution offences",0,1,1,0,0,0,0,0,0,0,0,2,0,1,0,0,0,1,0,1,2,3,2,5,0,0,1,0,1,3,6,9,0,2,6,5,3,9,2,4,5,2,3,7,0,8,0,1,1,7,7,1,1,0,0,3
" ","135 ,Regulated betting/money, collection/trading offences",1,3,11,3,11,25,3,4,8,3,16,4,2,4,16,4,13,10,10,7,7,11,8,2,5,6,15,6,5,7,8,11,7,7,5,4,2,5,11,3,1,15,10,7,11,21,13,5,1,5,5,7,3,8,7,3
" ","136 ,Social code offences (n.e.c.)",24,7,10,5,13,7,12,15,4,3,5,11,5,3,4,3,32,4,10,5,5,5,2,2,3,6,3,2,3,3,13,7,5,13,7,4,9,6,5,1,5,7,5,3,4,5,6,5,5,5,4,6,5,17,16,12
" ","15 ,Offences against government, justice procedures and organisation of crime",101,131,123,137,152,98,106,109,116,135,106,134,148,142,150,141,156,162,152,139,162,176,165,138,193,159,160,126,186,181,189,138,131,131,140,145,148,128,125,116,149,129,121,137,121,122,176,130,158,179,176,210,199,226,159,154
" ","151 ,Offences against government and its agents",7,12,9,5,10,11,11,5,10,6,3,10,8,2,7,9,3,8,5,9,14,10,5,6,5,7,6,7,6,19,19,5,11,15,11,10,7,9,4,7,9,11,4,13,10,7,8,2,11,11,9,11,4,6,9,7
" ","152 ,Organisation of crime and conspiracy to commit crime",1,0,0,1,4,1,2,0,0,0,0,0,2,0,0,0,0,0,0,0,0,0,0,0,2,0,0,0,0,0,0,0,0,0,0,0,0,1,0,0,1,0,0,0,0,0,0,0,2,0,0,0,0,0,0,0
" ","153 ,Perverting the course of justice",7,8,6,4,13,3,6,5,4,7,9,8,6,11,10,11,8,9,4,3,8,12,8,9,4,4,3,7,7,1,8,3,5,3,3,5,3,1,2,0,2,3,2,1,3,2,1,1,3,1,0,1,1,0,0,1
" ","157 ,Offences while in custody, breach of court orders",86,111,108,127,125,83,87,99,102,122,94,116,132,129,133,121,145,145,143,127,140,154,152,123,182,148,151,112,173,161,162,130,115,113,126,130,138,117,119,109,137,115,115,123,108,113,167,127,142,167,167,198,194,220,150,146
"2 ,Western Region"
" ","01 ,Homicide offences",1,2,2,1,3,2,2,3,3,7,6,0,0,4,3,2,5,6,4,1,3,1,6,1,1,5,3,3,1,1,2,0,4,2,4,0,1,2,2,2,1,6,5,2,4,1,1,2,2,1,0,1,0,3,1,3
" ","0111 ,Murder",0,1,1,0,0,0,0,1,1,0,2,0,0,1,0,1,2,2,2,1,1,0,2,1,0,1,3,2,0,0,0,0,3,1,4,0,1,1,1,0,0,1,5,2,0,0,1,2,0,0,0,1,0,0,0,2
" ","0112 ,Manslaughter",1,0,1,0,1,0,0,1,0,0,1,0,0,0,1,0,0,0,0,0,0,0,0,0,0,0,0,0,0,0,0,0,0,0,0,0,0,0,0,0,0,0,0,0,0,0,0,0,0,0,0,0,0,0,0,0
" ","0113 ,Infanticide",0,0,0,0,0,0,0,0,0,0,0,0,0,0,0,0,0,0,0,0,0,0,0,0,0,0,0,0,0,0,0,0,0,0,0,0,0,0,0,0,0,0,0,0,0,0,0,0,0,0,0,0,0,0,0,0
" ","012 ,Dangerous driving leading to death",0,1,0,1,2,2,2,1,2,7,3,0,0,3,2,1,3,4,2,0,2,1,4,0,1,4,0,1,1,1,2,0,1,1,0,0,0,1,1,2,1,5,0,0,4,1,0,0,2,1,0,0,0,3,1,1
" ","02 ,Sexual offences",146,50,44,29,90,34,45,41,86,22,49,35,42,35,28,35,51,38,36,34,31,38,32,23,40,38,28,30,97,79,54,42,71,54,50,41,63,64,48,57,60,54,63,40,59,56,43,55,74,66,67,62,64,111,54,54
" ","021 ,Rape and sexual assault",141,46,43,26,87,34,45,41,85,21,49,33,41,33,26,33,47,37,32,34,31,37,30,23,38,37,27,25,91,70,50,36,70,47,48,37,57,56,45,52,58,49,57,36,53,49,41,50,67,61,59,52,56,101,52,48
" ","022 ,Other sexual offences",5,4,1,3,3,0,0,0,1,1,0,2,1,2,2,2,4,1,4,0,0,1,2,0,2,1,1,5,6,9,4,6,1,7,2,4,6,8,3,5,2,5,6,4,6,7,2,5,7,5,8,10,8,10,2,6
" ","03 ,Attempts/threats to murder, assaults, harassments and related offences",450,402,411,423,414,426,424,387,399,410,474,435,418,398,508,607,521,543,546,554,604,655,610,600,576,562,605,534,531,529,538,480,483,491,527,475,439,487,457,425,403,398,451,420,392,454,435,521,446,463,518,519,382,394,498,383
" ","0311 ,Murder-attempt",0,0,0,0,0,0,0,0,0,0,0,0,0,0,0,0,0,0,0,0,0,0,0,0,0,0,0,0,0,0,0,0,0,0,0,0,0,0,0,0,1,0,0,0,0,0,0,0,0,0,0,0,0,0,0,0
" ","0312 ,Murder-threat",0,0,1,0,0,0,1,0,0,0,3,3,2,0,0,1,0,1,2,3,1,5,3,3,1,3,0,3,7,8,7,5,5,7,5,8,8,3,12,4,7,12,8,12,13,6,11,17,13,11,9,10,10,10,19,10
" ","033 ,Harassment and related offences",48,26,23,31,37,40,26,28,36,23,36,26,45,38,50,96,106,89,83,73,128,138,95,108,109,86,99,87,98,83,94,71,74,79,64,69,64,80,72,75,60,57,64,62,63,44,44,79,64,43,46,53,43,42,54,38
" ","034 ,Assault causing harm, poisoning",137,116,108,94,112,99,106,98,123,95,101,106,106,96,108,117,102,94,118,97,108,109,108,112,105,132,122,82,109,80,92,99,109,109,111,80,80,86,80,78,71,58,80,84,47,80,90,73,71,85,98,93,62,69,75,77
" ","035 ,Other assault",265,260,279,298,265,287,291,261,240,292,334,300,265,264,350,393,313,359,343,381,367,403,404,377,361,341,384,362,317,358,345,305,295,296,347,318,287,318,293,268,264,271,299,262,269,324,290,352,298,324,365,363,267,273,350,258
" ","04 ,Dangerous or negligent acts",328,363,401,381,346,331,370,405,383,391,394,488,449,564,697,665,615,596,643,586,609,626,494,548,476,495,426,398,374,404,359,331,320,293,302,287,256,264,245,279,234,260,257,264,291,258,261,237,254,268,234,256,259,244,271,258
" ","0411 ,Dangerous driving causing serious bodily harm",0,1,0,1,1,0,0,0,1,0,0,0,1,1,1,1,2,0,2,1,2,1,1,0,1,1,0,0,2,0,1,0,2,1,2,0,1,0,0,0,1,1,0,0,0,1,0,0,0,1,0,0,0,1,0,0
" ","0412 ,Driving/in charge of a vehicle while over legal alcohol limit",319,350,392,369,334,323,358,400,371,387,376,476,437,552,678,642,598,558,601,552,557,569,471,504,430,466,389,362,329,360,333,310,299,272,268,268,234,246,226,262,204,237,248,249,228,239,243,206,230,245,226,246,248,226,258,249
" ","0413 ,Driving/in charge of a vehicle under the influence of drugs",3,1,3,2,2,1,3,2,1,1,2,2,5,5,2,2,2,8,6,11,16,11,3,21,17,10,14,18,12,12,10,7,7,11,11,8,5,7,7,4,9,7,5,5,8,9,10,2,5,5,2,5,7,8,0,1
" ","0421 ,Endangerment with potential for serious harm/death",1,1,0,1,1,0,0,0,2,0,0,3,0,2,0,1,0,1,1,1,1,1,0,0,1,0,2,1,0,0,3,0,0,2,8,2,3,1,1,1,1,2,1,0,2,1,1,2,1,4,2,1,1,0,2,0
" ","0422 ,Abandoning a child, child neglect and cruelty",3,6,2,6,7,5,4,1,5,3,8,1,4,1,12,13,9,27,30,12,22,41,16,10,22,14,16,10,26,25,7,8,5,3,8,4,7,5,8,6,14,7,1,7,48,5,4,23,16,5,0,1,2,7,7,5
" ","0423 ,Unseaworthy/dangerous use of boat or ship",0,0,0,0,0,0,0,0,0,0,0,0,0,0,0,0,0,0,0,0,1,0,0,0,0,0,0,0,0,1,1,0,0,1,0,0,0,0,0,0,0,0,0,0,0,0,0,0,0,1,0,0,0,0,0,0
" ","0424 ,False alarm/interference with aircraft or air transport facilities",2,1,1,0,0,0,1,0,2,0,1,1,0,0,2,1,0,0,0,0,0,1,0,1,0,0,0,0,0,0,0,0,0,0,0,0,0,0,0,0,0,0,0,0,0,1,1,0,0,0,0,0,0,1,0,0
" ","0425 ,Endangering traffic offences",0,3,3,2,1,2,4,2,1,0,7,5,2,3,2,5,4,2,3,9,10,2,3,12,5,4,5,7,5,6,4,6,7,3,5,5,6,5,3,6,5,6,2,3,5,2,2,4,2,7,4,3,1,1,4,3
" ","05 ,Kidnapping and related offences",6,1,4,1,0,1,2,2,1,2,0,1,2,1,1,2,2,2,1,3,1,1,1,1,3,2,2,3,3,4,3,2,3,1,2,4,1,3,2,1,5,3,3,0,7,3,4,5,8,3,3,4,1,3,2,0
" ","0511 ,False imprisonment",6,1,3,1,0,1,2,2,1,2,0,1,1,1,1,2,2,1,1,2,1,0,1,1,3,1,2,2,3,3,2,2,1,1,1,3,1,1,2,1,4,1,0,0,1,0,0,1,7,3,2,4,1,1,2,0
" ","0512 ,Abduction of person under 16 years of age",0,0,1,0,0,0,0,0,0,0,0,0,1,0,0,0,0,1,0,1,0,1,0,0,0,0,0,1,0,0,0,0,0,0,1,1,0,2,0,0,1,2,2,0,6,2,4,1,0,0,0,0,0,2,0,0
" ","0513 ,Human trafficking offences",0,0,0,0,0,0,0,0,0,0,0,0,0,0,0,0,0,0,0,0,0,0,0,0,0,1,0,0,0,1,1,0,2,0,0,0,0,0,0,0,0,0,1,0,0,1,0,3,1,0,1,0,0,0,0,0
" ","06 ,Robbery, extortion and hijacking offences",29,19,26,18,26,18,22,27,24,20,22,27,25,32,25,30,27,18,35,13,24,23,21,23,24,21,18,32,28,27,27,18,19,19,21,22,18,12,17,17,24,17,22,29,24,28,17,21,25,11,28,22,8,10,18,21
" ","0611 ,Robbery of an establishment or institution",12,1,4,5,3,8,3,15,11,7,12,15,17,8,4,11,13,5,5,1,9,2,5,8,12,6,3,10,17,9,5,8,7,3,4,12,6,3,3,4,2,4,2,7,5,8,5,6,10,5,6,9,1,0,3,3
" ","0612 ,Robbery of cash or goods in transit",0,0,0,0,0,0,1,0,0,0,1,0,0,0,3,3,0,0,1,0,0,0,0,0,0,0,0,0,0,0,0,0,0,0,0,0,0,0,0,0,0,0,0,0,0,0,0,0,0,0,0,0,0,0,0,0
" ","0613 ,Robbery from the person",15,18,21,13,21,9,17,11,13,12,8,12,8,23,16,15,13,12,28,11,15,19,16,12,11,14,15,20,9,13,19,10,10,15,15,7,11,7,13,12,22,12,19,22,18,17,11,13,12,6,20,13,6,7,14,14
" ","0621 ,Blackmail or extortion",1,0,0,0,0,0,0,1,0,0,1,0,0,1,2,1,0,1,0,1,0,0,0,1,1,0,0,2,1,2,3,0,1,1,1,3,1,2,1,0,0,0,1,0,0,1,1,2,1,0,1,0,0,0,0,4
" ","0631 ,Carjacking, hijacking/unlawful seizure of aircraft/vessel",1,0,1,0,2,1,1,0,0,1,0,0,0,0,0,0,1,0,1,0,0,2,0,2,0,1,0,0,1,3,0,0,1,0,1,0,0,0,0,1,0,1,0,0,1,2,0,0,2,0,1,0,1,3,1,0
" ","07 ,Burglary and related offences",415,556,585,486,478,370,378,376,449,491,663,592,604,379,572,640,586,539,606,652,599,539,588,631,524,595,796,655,566,644,593,540,509,479,531,556,579,520,626,650,503,441,536,563,610,477,501,502,508,509,538,406,359,268,328,347
" ","0711 ,Aggravated burglary",5,4,3,3,3,1,3,1,6,3,1,2,2,2,5,0,3,1,6,4,3,3,4,7,10,6,9,12,7,5,6,3,8,7,4,3,5,3,10,8,4,4,4,4,6,3,6,5,11,1,8,4,5,4,3,3
" ","0712 ,Burglary (not aggravated)",407,552,582,480,473,367,375,374,443,486,662,586,602,377,564,639,580,538,599,645,594,532,584,620,513,583,781,641,552,631,585,532,495,467,520,545,570,510,612,639,497,431,530,553,602,465,491,494,494,506,529,395,350,261,323,341
" ","0713 ,Possession of an article (with intent to burgle, steal, demand)",3,0,0,3,2,2,0,1,0,2,0,4,0,0,3,1,3,0,1,3,2,4,0,4,1,6,6,2,7,8,2,5,6,5,7,8,4,7,4,3,2,6,2,6,2,9,4,3,3,2,1,7,4,3,2,3
" ","08 ,Theft and related offences",1416,1385,1478,1348,1464,1191,1427,1287,1199,1290,1565,1396,1507,1409,1761,1581,1506,1684,1808,1463,1515,1665,1698,1709,1565,1724,1663,1400,1501,1489,1600,1321,1305,1369,1378,1287,1323,1529,1323,1337,1353,1444,1397,1172,1166,1142,1247,1205,1235,1336,1313,1188,1120,1067,1045,1053
" ","081 ,Theft/taking of vehicle and related offences",180,183,217,175,180,157,169,175,129,163,169,183,201,157,183,222,198,210,208,162,190,181,285,267,196,203,196,164,163,149,172,161,145,147,139,138,135,124,127,110,128,110,101,114,93,69,97,70,78,80,72,70,57,49,48,47
" ","0821 ,Theft from person",82,74,97,72,62,79,94,55,52,62,82,56,50,40,61,40,44,27,81,34,32,27,54,32,30,32,38,24,36,22,33,20,16,26,36,33,32,31,52,44,36,53,75,56,37,40,48,68,39,42,63,42,37,27,36,28
" ","0822 ,Theft from shop",349,297,259,333,381,237,296,326,340,310,413,405,366,394,430,397,405,422,396,386,334,384,437,474,412,410,388,400,345,384,393,365,326,356,384,381,331,425,356,368,357,415,420,378,329,359,362,387,388,433,390,459,375,428,389,425
" ","084 ,Other thefts, handling stolen property",805,831,905,768,841,718,868,731,678,755,901,752,890,818,1087,922,859,1025,1123,881,959,1073,922,936,927,1079,1041,812,957,934,1002,775,818,840,819,735,825,949,788,815,832,866,801,624,707,674,740,680,730,781,788,617,651,563,572,553
" ","09 ,Fraud, deception and related offences",155,82,105,101,74,72,103,100,73,109,73,65,93,105,91,80,140,98,168,152,138,153,154,127,133,124,114,139,144,132,121,128,143,100,140,108,166,131,144,130,127,108,135,136,183,119,119,146,175,156,147,115,144,115,109,131
" ","10 ,Controlled drug offences",121,187,205,188,197,241,156,181,159,191,207,233,200,278,282,281,291,319,386,289,308,372,434,337,321,316,323,297,324,319,342,281,277,300,288,253,287,311,264,258,243,335,334,327,386,346,327,271,278,331,328,305,343,269,364,343
" ","1011 ,Importation of drugs",1,1,1,2,1,0,0,2,1,0,0,1,0,0,0,0,0,0,2,1,0,1,1,0,0,0,0,0,1,1,0,0,0,0,0,0,0,0,0,0,1,1,3,0,1,1,1,1,1,0,0,0,0,0,0,1
" ","1012 ,Cultivation or manufacture of drugs",3,4,8,4,2,7,2,0,1,6,3,3,0,9,5,1,2,12,13,4,4,14,12,7,8,4,11,10,5,19,25,13,13,22,16,19,15,15,30,13,6,19,18,15,21,21,18,12,10,17,16,11,12,14,17,17
" ","1021 ,Possession of drugs for sale or supply",33,28,47,31,37,37,25,29,31,25,29,29,26,45,32,54,68,48,38,43,52,52,58,52,55,66,44,59,66,60,63,72,70,67,64,59,70,74,49,54,65,67,49,69,82,93,67,60,68,53,67,44,88,58,63,77
" ","1022 ,Possession of drugs for personal use",82,145,144,150,149,187,129,141,123,158,168,194,164,219,241,221,211,251,325,235,243,297,352,266,254,236,253,222,240,229,245,187,187,199,192,166,196,213,174,181,166,226,248,234,268,219,232,187,190,244,233,242,228,190,267,232
" ","103 ,Other drug offences",2,9,5,1,8,10,0,9,3,2,7,6,10,5,4,5,10,8,8,6,9,8,11,12,4,10,15,6,12,10,9,9,7,12,16,9,6,9,11,10,5,22,16,9,14,12,9,11,9,17,12,8,15,7,17,16
" ","11 ,Weapons and Explosives Offences",41,24,30,40,31,45,35,41,40,41,35,61,28,32,51,66,49,61,62,87,63,48,79,95,66,65,87,120,61,62,68,91,50,49,48,85,51,41,43,61,35,43,48,58,44,25,49,57,47,28,44,60,36,33,40,70
" ","111 ,Explosives, chemical weapons offences",0,0,2,6,0,1,0,18,0,0,0,10,0,0,3,23,0,0,0,0,0,0,1,0,2,1,1,2,0,1,0,0,1,1,0,1,1,1,1,2,1,1,0,1,0,0,1,1,0,0,0,0,0,0,0,0
" ","1121 ,Discharging a firearm",3,1,7,2,4,11,7,4,8,2,6,3,3,5,4,2,8,2,0,2,6,2,5,2,5,3,8,0,3,2,4,2,2,3,3,2,2,1,5,0,5,2,3,3,1,2,2,0,2,2,2,2,1,2,3,2
" ","1122 ,Possession of a firearm",16,5,5,12,9,8,9,10,10,15,5,11,5,1,5,8,10,10,8,12,7,8,14,6,14,3,10,4,11,9,8,8,5,6,3,6,4,3,3,7,2,3,1,5,3,0,2,3,5,2,4,4,1,2,3,3
" ","113 ,Offensive weapons offences (n.e.c.)",22,18,16,20,18,25,19,9,22,24,24,37,20,26,38,32,30,49,52,54,50,38,56,53,43,58,66,53,43,49,53,35,41,36,36,33,41,35,28,24,25,37,38,33,39,23,44,36,40,24,37,39,34,28,33,45
" ","114 ,Fireworks offences",0,0,0,0,0,0,0,0,0,0,0,0,0,0,1,1,1,0,2,19,0,0,3,34,2,0,2,61,4,1,3,46,1,3,6,43,3,1,6,28,2,0,6,16,1,0,0,17,0,0,1,15,0,1,1,20
" ","12 ,Damage to property and to the environment",728,842,792,770,746,695,736,788,757,730,873,964,902,818,1063,1056,951,990,1055,993,1010,1118,1078,1025,918,1021,1034,880,864,911,799,751,746,750,716,682,668,720,647,632,579,661,587,567,547,512,546,547,462,543,630,467,479,432,484,464
" ","1211 ,Arson",32,27,28,24,37,35,29,24,27,24,40,31,40,32,44,52,31,54,38,49,56,78,58,70,79,89,75,88,53,77,60,54,51,67,43,47,39,44,46,57,39,37,54,31,23,28,34,26,24,35,33,34,23,30,25,28
" ","1212 ,Criminal damage (not arson)",694,813,764,744,708,659,705,763,728,704,832,932,860,783,1014,999,919,929,1005,942,951,1031,1007,944,832,925,956,786,805,827,734,691,681,678,670,633,624,670,596,572,532,615,528,530,516,478,510,513,425,502,594,429,448,396,453,430
" ","1221 ,Litter offences",2,2,0,2,1,1,2,1,2,2,1,1,2,3,5,5,1,7,12,2,3,9,13,11,7,7,3,6,6,7,5,6,14,5,3,2,5,6,5,3,8,9,5,6,8,6,2,8,13,6,3,4,8,6,6,6
" ","13 ,Public order and other social code offences",861,1187,1264,1414,1001,984,1106,1413,1221,1250,1459,1454,1226,1255,1675,1577,1384,1634,1740,1712,1737,1653,1897,1702,1612,1888,1945,1722,1658,1810,1821,1564,1349,1292,1538,1262,1237,1363,1328,1263,969,1014,1261,959,899,1006,1114,935,884,877,993,1058,938,819,1105,921
" ","131 ,Disorderly conduct",697,879,950,1006,788,793,918,1073,922,924,1076,1173,1033,1061,1433,1396,1231,1412,1559,1544,1501,1449,1638,1497,1421,1654,1706,1510,1450,1569,1622,1399,1204,1114,1390,1148,1123,1205,1177,1105,849,887,1112,861,768,861,972,788,768,744,817,902,820,706,967,803
" ","132 ,Trespass offences",14,23,13,18,18,22,23,20,16,41,41,37,31,49,54,48,58,69,70,50,64,78,97,71,64,74,87,70,72,92,86,67,69,89,50,56,48,78,55,52,61,50,50,32,55,67,46,44,50,56,71,53,44,38,38,42
" ","133 ,Liquor licensing offences",136,263,274,383,186,155,153,303,279,270,315,228,153,132,171,106,72,128,77,101,150,110,146,125,103,141,128,114,122,124,93,76,63,80,82,42,55,61,76,74,44,53,68,27,59,50,77,70,56,54,79,71,59,48,70,46
" ","134 ,Prostitution offences",0,0,0,0,1,0,0,0,0,0,0,1,0,0,0,1,0,0,1,0,0,1,2,1,2,2,0,1,4,3,3,4,5,0,5,0,3,2,0,0,1,1,0,1,0,0,0,0,0,0,0,0,0,3,3,5
" ","135 ,Regulated betting/money, collection/trading offences",7,19,13,3,1,3,9,7,2,4,13,7,2,5,7,13,5,16,13,13,14,8,13,5,17,9,13,23,2,4,12,12,3,3,6,10,5,14,14,21,9,7,19,15,3,11,3,11,2,6,15,13,2,8,8,2
" ","136 ,Social code offences (n.e.c.)",7,3,14,4,7,11,3,10,2,11,14,8,7,8,10,13,18,9,20,4,8,7,1,3,5,8,11,4,8,18,5,6,5,6,5,6,3,3,6,11,5,16,12,23,14,17,16,22,8,17,11,19,13,16,19,23
" ","15 ,Offences against government, justice procedures and organisation of crime",98,115,96,102,104,91,82,102,90,80,110,106,145,112,119,118,130,146,126,163,159,193,163,169,190,219,189,186,178,215,170,198,209,193,169,172,193,163,148,160,150,158,173,165,197,181,143,160,173,211,169,243,236,232,165,189
" ","151 ,Offences against government and its agents",1,7,6,1,3,3,3,6,2,6,2,5,12,3,4,9,1,4,5,3,5,6,8,1,3,8,11,8,11,6,9,6,11,15,21,8,15,8,5,7,2,6,14,11,8,7,9,9,8,9,3,1,5,6,7,3
" ","152 ,Organisation of crime and conspiracy to commit crime",0,0,0,0,1,0,0,0,0,0,0,0,2,2,1,1,1,0,0,1,0,0,0,1,0,0,0,0,0,1,0,0,0,0,0,0,0,0,0,0,0,1,0,0,0,0,0,0,0,0,0,0,0,1,0,0
" ","153 ,Perverting the course of justice",5,6,4,8,2,6,5,3,4,9,6,5,2,3,5,3,5,1,5,6,4,3,5,5,1,5,6,3,2,0,3,3,4,3,3,0,4,1,8,5,5,2,4,2,2,2,0,2,2,3,0,2,0,0,0,2
" ","157 ,Offences while in custody, breach of court orders",92,102,86,93,98,82,74,93,84,65,102,96,129,104,109,105,123,141,116,153,150,184,150,162,186,206,172,175,165,208,158,189,194,175,145,164,174,154,135,148,143,149,155,152,187,172,134,149,163,199,166,240,231,225,158,184
"3 ,Southern Region"
" ","01 ,Homicide offences",5,1,4,2,10,4,6,1,7,1,7,5,8,5,18,5,1,8,4,7,5,6,1,4,7,6,3,1,3,5,5,7,8,2,4,3,6,5,4,0,3,4,5,3,2,2,3,2,1,5,5,1,3,6,0,3
" ","0111 ,Murder",3,1,3,1,1,3,3,0,1,0,1,3,1,3,6,4,0,4,2,5,3,3,1,4,3,3,1,1,2,3,1,6,6,0,2,3,2,3,1,0,2,3,0,2,0,0,2,1,0,4,1,1,2,0,0,2
" ","0112 ,Manslaughter",2,0,0,0,1,0,1,0,1,0,2,2,0,0,2,0,0,1,0,2,1,1,0,0,2,0,0,0,0,1,0,0,0,0,0,0,1,0,1,0,0,0,0,1,2,0,0,0,0,0,1,0,0,1,0,1
" ","0113 ,Infanticide",0,0,0,0,0,0,0,0,0,0,0,0,0,0,0,0,0,0,1,0,0,0,0,0,0,0,0,0,0,0,0,0,0,0,0,0,0,0,0,0,0,0,0,0,0,0,0,0,0,0,0,0,0,0,0,0
" ","012 ,Dangerous driving leading to death",0,0,1,1,8,1,2,1,5,1,4,0,7,2,10,1,1,3,1,0,1,2,0,0,2,3,2,0,1,1,4,1,2,2,2,0,3,2,2,0,1,1,5,0,0,2,1,1,1,1,3,0,1,5,0,0
" ","02 ,Sexual offences",107,75,53,39,124,71,74,41,82,76,76,43,92,49,56,57,73,51,66,39,59,72,68,68,79,64,65,58,118,135,143,74,124,88,103,96,122,118,102,81,110,90,84,62,92,95,64,83,120,93,100,112,110,102,101,95
" ","021 ,Rape and sexual assault",98,70,52,36,119,53,73,41,79,67,70,42,89,48,56,56,66,48,59,35,54,69,65,61,73,56,62,56,112,131,135,65,116,79,100,85,114,110,91,73,104,89,80,58,87,93,60,81,110,82,86,99,99,91,92,82
" ","022 ,Other sexual offences",9,5,1,3,5,18,1,0,3,9,6,1,3,1,0,1,7,3,7,4,5,3,3,7,6,8,3,2,6,4,8,9,8,9,3,11,8,8,11,8,6,1,4,4,5,2,4,2,10,11,14,13,11,11,9,13
" ","03 ,Attempts/threats to murder, assaults, harassments and related offences",708,710,743,554,669,616,640,637,652,619,678,652,702,655,782,779,777,833,820,905,956,904,954,911,919,908,908,768,736,897,898,812,722,812,819,750,726,779,824,722,644,689,758,759,654,675,767,760,763,828,765,813,732,800,707,773
" ","0311 ,Murder-attempt",0,0,0,0,0,0,0,0,0,0,0,0,1,0,0,0,0,0,0,0,0,0,1,0,0,0,0,0,0,0,1,0,0,0,0,0,0,0,1,0,0,0,0,0,0,0,0,1,0,0,1,0,0,0,1,0
" ","0312 ,Murder-threat",6,9,12,3,6,4,5,8,6,7,19,9,6,8,8,11,11,9,16,13,11,21,10,16,9,15,16,9,12,25,11,13,20,24,10,8,17,7,3,10,9,10,23,11,11,10,8,14,20,19,17,21,18,20,21,17
" ","033 ,Harassment and related offences",79,61,44,80,51,36,45,48,86,54,57,60,76,65,91,105,113,119,89,112,146,134,118,120,131,109,117,82,111,109,119,75,84,91,80,68,82,98,92,69,62,51,69,61,66,56,53,52,88,66,69,58,60,77,51,68
" ","034 ,Assault causing harm, poisoning",204,183,185,137,203,166,179,158,186,178,176,160,215,180,225,193,180,185,207,205,213,183,184,227,176,195,200,159,151,166,196,159,139,167,184,164,141,157,178,126,146,143,155,164,143,153,141,163,160,149,158,179,150,154,168,182
" ","035 ,Other assault",419,457,502,334,409,410,411,423,374,380,426,423,404,402,458,470,473,520,508,575,586,566,641,548,603,589,575,518,462,597,571,565,479,530,545,510,486,517,550,517,427,485,511,523,434,456,565,530,495,594,520,555,504,549,466,506
" ","04 ,Dangerous or negligent acts",487,579,592,643,542,542,662,774,587,665,768,786,697,822,1079,1126,915,877,866,952,940,926,830,928,699,730,626,614,608,668,579,514,511,466,549,459,475,472,431,405,381,399,419,394,337,362,416,364,362,392,406,384,371,413,410,422
" ","0411 ,Dangerous driving causing serious bodily harm",0,0,2,1,5,1,1,1,1,1,0,1,0,1,2,0,2,1,1,1,2,1,0,1,2,0,1,0,1,0,1,1,1,0,1,0,0,0,0,0,1,0,0,0,2,1,0,0,1,0,0,0,1,1,0,0
" ","0412 ,Driving/in charge of a vehicle while over legal alcohol limit",473,562,571,626,516,522,645,768,576,648,743,764,682,800,1056,1103,889,834,820,898,887,863,758,849,632,656,573,571,526,581,528,463,443,424,501,425,439,440,406,374,348,361,389,365,309,324,385,337,324,352,373,347,335,371,364,386
" ","0413 ,Driving/in charge of a vehicle under the influence of drugs",3,1,2,3,2,5,3,1,0,5,0,3,0,2,4,3,4,11,9,19,11,27,37,42,35,52,35,22,36,39,27,31,34,30,26,20,14,12,10,19,15,16,17,17,7,19,13,16,16,13,13,8,9,11,13,15
" ","0421 ,Endangerment with potential for serious harm/death",3,3,1,1,4,1,1,0,2,0,2,1,0,3,2,1,3,0,2,0,2,6,6,1,0,2,4,1,2,3,2,1,6,3,6,2,2,2,1,2,2,5,2,2,1,1,5,1,9,5,4,2,4,8,7,2
" ","0422 ,Abandoning a child, child neglect and cruelty",7,10,9,6,6,10,11,3,5,6,15,13,12,9,9,11,13,24,28,26,23,24,26,27,21,13,10,13,34,33,13,5,17,4,7,5,14,13,8,2,4,8,6,5,14,7,4,2,2,9,11,8,11,15,19,9
" ","0423 ,Unseaworthy/dangerous use of boat or ship",0,0,0,0,0,0,0,0,0,0,0,0,0,0,0,0,0,0,1,0,0,0,0,0,0,0,0,0,0,0,0,0,0,0,0,0,0,0,0,0,0,0,0,0,0,0,0,0,0,0,0,0,0,0,0,0
" ","0424 ,False alarm/interference with aircraft or air transport facilities",0,0,0,0,1,0,0,0,0,0,0,0,0,1,0,0,1,0,0,0,0,0,0,0,0,0,0,0,0,0,0,0,0,0,0,0,0,0,0,0,0,0,0,0,0,0,0,0,0,0,0,0,0,0,0,0
" ","0425 ,Endangering traffic offences",1,3,7,6,8,3,1,1,3,5,8,4,3,6,6,8,3,7,5,8,15,5,3,8,9,7,3,7,9,12,8,13,10,5,8,7,6,5,6,8,11,9,5,5,4,10,9,8,10,13,5,19,11,7,7,10
" ","05 ,Kidnapping and related offences",9,4,1,5,7,4,1,1,1,4,2,0,4,3,2,5,3,4,2,6,3,2,6,1,5,4,8,3,6,4,4,4,7,4,3,3,2,6,1,2,5,6,8,5,3,5,6,2,3,4,2,9,6,3,4,2
" ","0511 ,False imprisonment",7,3,1,3,6,4,1,1,1,3,2,0,4,2,2,4,3,3,2,6,2,2,6,1,5,3,7,3,3,3,1,1,4,4,2,1,1,5,1,2,4,4,5,2,2,2,3,1,3,2,2,4,2,3,4,2
" ","0512 ,Abduction of person under 16 years of age",2,1,0,2,1,0,0,0,0,1,0,0,0,1,0,1,0,1,0,0,1,0,0,0,0,0,1,0,3,0,3,2,1,0,0,1,1,0,0,0,0,2,3,3,0,0,1,1,0,1,0,3,2,0,0,0
" ","0513 ,Human trafficking offences",0,0,0,0,0,0,0,0,0,0,0,0,0,0,0,0,0,0,0,0,0,0,0,0,0,1,0,0,0,1,0,1,2,0,1,1,0,1,0,0,1,0,0,0,1,3,2,0,0,1,0,2,2,0,0,0
" ","06 ,Robbery, extortion and hijacking offences",106,81,57,73,84,73,71,79,75,67,60,65,58,83,63,63,85,55,60,76,105,76,89,74,73,81,78,61,92,76,99,86,82,75,56,56,61,47,59,56,83,64,51,75,63,55,55,51,60,46,49,77,54,44,47,45
" ","0611 ,Robbery of an establishment or institution",45,22,16,25,27,21,28,35,31,19,12,21,20,32,9,26,37,15,17,23,31,19,22,24,28,20,9,22,38,17,23,24,14,18,14,12,13,9,8,13,27,14,12,22,17,7,6,10,9,18,13,26,15,12,8,11
" ","0612 ,Robbery of cash or goods in transit",1,2,1,0,1,0,0,0,0,0,1,0,0,2,0,0,1,0,0,0,0,1,0,0,0,0,1,1,0,0,0,0,0,0,1,0,1,0,0,0,0,0,0,0,0,0,0,0,0,0,0,0,0,0,0,1
" ","0613 ,Robbery from the person",58,57,37,47,50,51,41,42,42,45,45,41,36,45,50,36,46,38,41,49,65,51,61,45,42,56,62,36,51,53,75,56,63,52,38,38,45,37,45,42,52,47,38,50,45,46,48,41,46,23,32,47,35,26,32,29
" ","0621 ,Blackmail or extortion",0,0,0,0,3,0,0,2,1,1,0,1,0,1,1,1,0,1,0,0,5,2,2,0,0,0,0,1,2,2,0,3,1,0,0,1,0,1,4,0,2,0,1,0,0,2,0,0,4,3,2,4,2,4,2,2
" ","0631 ,Carjacking, hijacking/unlawful seizure of aircraft/vessel",2,0,3,1,3,1,2,0,1,2,2,2,2,3,3,0,1,1,2,4,4,3,4,5,3,5,6,1,1,4,1,3,4,5,3,5,2,0,2,1,2,3,0,3,1,0,1,0,1,2,2,0,2,2,5,2
" ","07 ,Burglary and related offences",836,707,772,764,790,782,895,702,821,889,1030,995,875,807,895,700,659,728,771,825,777,828,860,832,812,863,941,772,776,825,744,830,866,804,829,1008,955,678,724,737,747,691,718,725,663,650,724,733,790,807,759,633,535,410,390,458
" ","0711 ,Aggravated burglary",9,5,8,12,4,7,9,9,10,4,8,4,11,8,8,7,0,8,4,6,15,10,20,16,15,14,8,10,8,11,10,9,8,8,10,6,7,5,10,5,8,8,8,8,6,8,8,8,8,8,4,3,3,7,10,6
" ","0712 ,Burglary (not aggravated)",824,700,760,748,786,773,884,692,806,884,1020,985,862,794,884,692,654,712,761,817,753,810,835,811,790,843,922,759,763,805,729,811,845,786,808,992,931,648,698,703,722,670,696,701,647,622,696,714,762,786,743,616,522,395,372,442
" ","0713 ,Possession of an article (with intent to burgle, steal, demand)",3,2,4,4,0,2,2,1,5,1,2,6,2,5,3,1,5,8,6,2,9,8,5,5,7,6,11,3,5,9,5,10,13,10,11,10,17,25,16,29,17,13,14,16,10,20,20,11,20,13,12,14,10,8,8,10
" ","08 ,Theft and related offences",2986,2812,2830,2621,2771,2628,2659,2755,3014,3288,3194,3131,3558,3237,3015,2988,3191,2860,2841,2872,3114,3182,3064,2825,3059,3083,2979,2938,2958,2848,2995,2735,3050,2784,2808,2693,2707,2713,2542,2597,2678,2673,2720,2757,2452,2735,2987,2850,2742,2699,2537,2482,2090,2023,1987,2234
" ","081 ,Theft/taking of vehicle and related offences",453,437,480,382,537,448,464,506,658,713,611,583,541,517,440,513,610,427,443,529,490,523,532,441,529,461,446,469,429,401,358,411,478,372,326,295,278,287,218,226,270,204,212,222,250,257,305,274,281,221,208,211,182,148,121,169
" ","0821 ,Theft from person",290,227,197,253,225,182,211,216,154,161,177,207,134,165,142,140,127,103,86,84,85,67,87,88,74,70,67,99,81,75,74,79,55,61,77,73,86,76,78,73,82,92,95,93,90,74,98,85,70,58,51,62,42,42,61,40
" ","0822 ,Theft from shop",731,697,707,683,671,642,703,831,806,853,782,868,950,873,901,867,843,803,830,835,771,851,850,933,955,909,989,940,907,961,1090,951,906,851,965,850,789,917,909,922,917,811,892,989,841,976,976,1053,971,1045,987,1042,839,950,790,995
" ","084 ,Other thefts, handling stolen property",1512,1451,1446,1303,1338,1356,1281,1202,1396,1561,1624,1473,1933,1682,1532,1468,1611,1527,1482,1424,1768,1741,1595,1363,1501,1643,1477,1430,1541,1411,1473,1294,1611,1500,1440,1475,1554,1433,1337,1376,1409,1566,1521,1453,1271,1428,1608,1438,1420,1375,1291,1167,1027,883,1015,1030
" ","09 ,Fraud, deception and related offences",313,112,179,131,165,187,105,165,176,201,170,154,169,181,163,130,215,153,212,194,257,281,201,181,232,210,175,144,174,158,165,155,181,169,201,179,195,144,224,145,150,170,165,201,185,181,160,197,252,222,202,219,178,133,186,150
" ","10 ,Controlled drug offences",346,475,435,542,512,600,535,496,557,709,794,627,556,710,566,764,704,825,821,834,956,1033,1091,1074,1085,1086,918,860,865,1030,978,851,809,833,903,756,757,747,786,675,610,670,850,665,616,681,825,634,615,695,800,622,651,733,724,760
" ","1011 ,Importation of drugs",0,0,0,0,1,0,0,0,2,0,0,0,0,0,2,0,0,0,1,0,1,0,0,0,2,0,0,0,0,0,0,0,0,0,0,0,0,0,0,0,1,0,0,1,0,1,1,0,0,0,0,1,0,0,0,0
" ","1012 ,Cultivation or manufacture of drugs",5,3,11,4,0,1,8,3,0,3,6,0,4,5,13,3,6,10,13,6,7,8,19,9,4,23,23,22,13,35,53,37,17,30,39,26,21,34,39,20,20,28,38,26,20,16,19,22,14,11,9,6,7,13,16,10
" ","1021 ,Possession of drugs for sale or supply",76,102,60,75,71,88,90,79,107,129,98,89,80,106,85,147,144,141,135,139,178,170,169,175,154,168,162,178,154,161,171,153,185,143,162,151,129,138,138,149,152,148,155,142,108,143,146,149,136,133,138,125,122,152,150,125
" ","1022 ,Possession of drugs for personal use",256,355,348,460,427,496,426,398,433,555,669,520,462,575,446,597,530,655,646,666,746,831,883,868,889,862,697,632,676,805,719,635,589,639,674,563,573,557,583,488,416,474,644,490,469,511,632,444,452,532,631,475,503,539,545,596
" ","103 ,Other drug offences",9,15,16,3,13,15,11,16,15,22,21,18,10,24,20,17,24,19,26,23,24,24,20,22,36,33,36,28,22,29,35,26,18,21,28,16,34,18,26,18,21,20,13,6,19,10,27,19,13,19,22,15,19,29,13,29
" ","11 ,Weapons and Explosives Offences",90,87,87,77,141,125,89,104,107,134,177,138,124,124,170,167,149,141,193,193,183,155,183,184,159,149,181,183,144,188,161,212,150,137,160,146,134,123,119,159,107,135,115,107,91,99,131,114,94,100,81,77,73,62,83,83
" ","111 ,Explosives, chemical weapons offences",1,2,1,0,2,1,2,8,3,3,35,7,1,0,3,13,1,2,1,2,0,0,2,1,0,1,1,2,2,1,2,1,1,1,1,1,1,5,4,3,6,0,2,1,0,2,3,4,4,0,0,0,1,1,1,0
" ","1121 ,Discharging a firearm",10,12,9,16,29,19,9,17,13,22,18,37,18,20,33,32,24,28,32,29,24,12,6,9,11,8,14,8,7,11,3,5,6,0,8,3,7,6,2,3,7,6,5,3,1,5,9,5,6,7,4,5,4,2,4,5
" ","1122 ,Possession of a firearm",18,12,13,14,11,18,16,10,11,24,25,16,20,15,24,22,18,13,22,22,13,16,28,7,5,16,18,13,16,9,10,48,20,15,11,5,9,10,13,10,7,8,8,1,5,9,12,5,6,14,6,10,8,5,3,7
" ","113 ,Offensive weapons offences (n.e.c.)",61,61,64,47,99,87,62,69,80,85,99,78,85,89,110,98,106,97,136,104,143,125,142,128,139,122,143,118,115,166,137,106,121,120,136,96,115,101,90,104,87,119,98,80,85,83,105,73,77,77,70,56,60,54,74,59
" ","114 ,Fireworks offences",0,0,0,0,0,0,0,0,0,0,0,0,0,0,0,2,0,1,2,36,3,2,5,39,4,2,5,42,4,1,9,52,2,1,4,41,2,1,10,39,0,2,2,22,0,0,2,27,1,2,1,6,0,0,1,12
" ","12 ,Damage to property and to the environment",1594,1618,1436,1545,1690,1573,1568,1659,1783,1806,1731,1977,2119,2002,2026,2051,2030,2072,1799,1954,2081,2009,1966,2011,2086,1922,1731,1631,1664,1677,1687,1739,1732,1463,1515,1559,1497,1334,1271,1264,1220,1276,1192,1192,1112,1082,1067,1167,1157,1106,1012,1019,952,883,890,961
" ","1211 ,Arson",88,105,67,75,49,109,65,89,81,79,101,109,108,96,144,123,121,152,149,132,184,173,162,134,194,182,183,154,130,140,138,151,119,115,118,105,127,125,103,83,99,88,93,83,74,107,82,58,76,93,68,58,57,75,76,75
" ","1212 ,Criminal damage (not arson)",1497,1506,1365,1465,1626,1453,1500,1562,1693,1716,1626,1863,2005,1894,1877,1918,1903,1899,1645,1810,1875,1815,1795,1857,1876,1726,1542,1468,1519,1511,1543,1577,1590,1335,1384,1449,1355,1195,1157,1172,1110,1177,1095,1103,1028,961,971,1096,1066,1006,939,957,882,794,809,875
" ","1221 ,Litter offences",9,7,4,5,15,11,3,8,9,11,4,5,6,12,5,10,6,21,5,12,22,21,9,20,16,14,6,9,15,26,6,11,23,13,13,5,15,14,11,9,11,11,4,6,10,14,14,13,15,7,5,4,13,14,5,11
" ","13 ,Public order and other social code offences",1915,2275,2347,2387,2111,2081,2357,2824,2509,2664,3006,2895,2601,2878,3194,3403,2716,3303,3415,3383,3000,3400,3278,3146,2897,3010,3110,2837,2535,3092,3388,3086,2924,2758,2858,2698,2667,2626,2665,2585,2041,2169,2335,2184,1726,1923,2164,1908,1682,1854,1988,1837,1526,1616,1632,1590
" ","131 ,Disorderly conduct",1743,1953,2046,2029,1830,1765,1994,2247,2144,2128,2497,2485,2237,2382,2757,2903,2260,2697,2777,2890,2533,2895,2805,2765,2540,2643,2723,2476,2245,2707,3028,2715,2579,2412,2519,2376,2360,2287,2358,2297,1799,1886,2012,1888,1505,1657,1781,1543,1479,1505,1593,1482,1326,1379,1413,1337
" ","132 ,Trespass offences",38,33,44,40,27,58,43,51,41,48,74,48,56,102,96,66,65,93,113,96,128,158,143,105,131,119,130,120,83,151,132,113,127,144,119,85,105,123,134,84,87,107,127,95,84,73,117,83,75,125,84,78,57,58,70,47
" ","133 ,Liquor licensing offences",113,261,217,273,237,244,302,466,297,470,389,312,270,356,310,393,296,470,475,346,314,306,293,240,202,218,219,203,177,190,168,196,176,171,188,175,162,176,143,139,93,124,132,100,83,99,113,85,63,88,88,78,46,58,74,71
" ","134 ,Prostitution offences",0,1,1,1,0,1,0,0,2,4,1,0,5,4,3,8,10,14,5,8,2,2,4,2,3,2,8,9,10,17,25,30,29,12,9,32,8,5,3,9,5,7,1,7,1,3,3,1,4,1,2,1,3,5,1,1
" ","135 ,Regulated betting/money, collection/trading offences",10,10,17,17,4,5,9,44,16,4,32,29,17,18,10,15,9,20,29,22,6,29,27,26,16,23,20,18,7,14,17,16,6,8,14,10,13,5,8,11,11,18,19,13,3,11,16,11,8,5,11,11,7,14,4,3
" ","136 ,Social code offences (n.e.c.)",11,17,22,27,13,8,9,16,9,10,13,21,16,16,18,18,76,9,16,21,17,10,6,8,5,5,10,11,13,13,18,16,7,11,9,20,19,30,19,45,46,27,44,81,50,80,134,185,53,130,210,187,87,102,70,131
" ","15 ,Offences against government, justice procedures and organisation of crime",262,246,244,245,242,214,183,200,220,261,223,207,286,300,275,339,364,353,354,386,487,394,439,396,423,414,381,383,312,314,378,342,391,370,247,317,308,289,299,340,404,488,468,414,434,468,506,470,428,558,625,674,556,646,534,494
" ","151 ,Offences against government and its agents",11,14,12,10,17,3,8,4,5,11,5,8,7,10,14,30,70,34,27,30,61,34,22,32,15,37,47,69,26,29,30,22,50,22,21,37,22,10,16,59,25,29,25,23,42,45,20,55,32,40,30,24,21,36,16,17
" ","152 ,Organisation of crime and conspiracy to commit crime",0,0,0,0,0,0,0,1,0,0,0,1,1,0,0,0,0,1,0,0,1,0,1,0,0,2,0,0,0,1,1,0,0,2,0,0,0,2,1,0,0,0,0,0,0,0,0,0,0,0,0,1,0,2,0,1
" ","153 ,Perverting the course of justice",9,7,3,7,2,3,9,5,3,9,8,4,8,8,19,4,10,10,5,15,6,7,9,6,6,8,9,7,4,3,6,9,7,1,4,7,9,3,10,4,6,2,2,3,0,2,2,7,6,5,3,0,2,5,3,3
" ","157 ,Offences while in custody, breach of court orders",242,225,229,228,223,208,166,190,212,241,210,194,270,282,242,305,284,308,322,341,419,353,407,358,402,367,325,307,282,281,341,311,334,345,222,273,277,274,272,277,373,457,441,388,392,421,484,408,390,513,592,649,533,603,515,473
"4 ,Eastern Region"
" ","01 ,Homicide offences",4,3,2,3,0,4,1,3,6,5,8,2,7,7,2,3,7,5,7,4,3,6,1,2,2,3,2,4,4,5,3,2,4,2,0,0,4,1,3,2,3,2,4,1,4,6,3,1,2,3,4,3,4,4,4,0
" ","0111 ,Murder",1,1,0,2,0,0,0,1,0,1,3,1,1,0,1,1,2,1,7,1,0,2,0,1,0,3,1,4,0,2,2,0,1,1,0,0,2,0,2,1,3,1,3,1,3,5,3,0,1,1,1,2,2,0,3,0
" ","0112 ,Manslaughter",0,0,0,0,0,1,0,0,0,2,1,0,0,1,0,0,0,0,0,0,0,0,0,0,0,0,0,0,1,0,1,0,1,0,0,0,1,0,0,1,0,0,0,0,0,0,0,0,0,0,2,0,0,0,0,0
" ","0113 ,Infanticide",0,0,0,0,0,0,0,0,0,0,0,0,0,0,0,0,0,0,0,0,0,0,0,0,0,0,0,0,0,0,0,0,0,0,0,0,0,0,0,0,0,0,0,0,0,0,0,0,0,0,0,0,0,0,0,0
" ","012 ,Dangerous driving leading to death",3,2,2,1,0,3,1,2,6,2,4,1,6,6,1,2,5,4,0,3,3,4,1,1,2,0,1,0,3,3,0,2,2,1,0,0,1,1,1,0,0,1,1,0,1,1,0,1,1,2,1,1,2,4,1,0
" ","02 ,Sexual offences",101,69,36,32,106,48,50,40,59,68,55,43,77,39,41,34,62,41,52,41,43,45,52,41,83,49,46,35,78,111,76,59,81,81,71,64,108,59,67,67,101,76,72,71,101,114,67,65,108,77,72,79,97,105,110,105
" ","021 ,Rape and sexual assault",99,65,35,30,104,47,49,40,59,63,52,41,75,33,39,34,61,41,46,38,39,43,49,41,74,45,41,32,75,102,60,51,76,59,62,55,100,58,66,66,99,67,70,66,95,107,65,60,100,67,65,72,84,90,96,96
" ","022 ,Other sexual offences",2,4,1,2,2,1,1,0,0,5,3,2,2,6,2,0,1,0,6,3,4,2,3,0,9,4,5,3,3,9,16,8,5,22,9,9,8,1,1,1,2,9,2,5,6,7,2,5,8,10,7,7,13,15,14,9
" ","03 ,Attempts/threats to murder, assaults, harassments and related offences",501,483,440,406,484,430,426,424,473,530,530,455,513,481,537,570,532,596,717,655,619,716,759,663,683,721,665,648,586,712,654,584,643,643,627,567,660,611,583,603,550,583,577,512,503,550,593,577,575,624,692,625,557,625,596,552
" ","0311 ,Murder-attempt",0,0,0,1,0,0,0,0,1,1,0,0,1,0,0,0,0,0,0,1,0,2,0,0,0,0,1,0,0,0,0,0,0,0,0,1,2,0,0,0,1,0,0,1,0,1,0,0,0,0,0,0,0,6,0,1
" ","0312 ,Murder-threat",0,0,0,0,0,0,0,0,0,0,1,0,2,0,0,1,2,2,2,3,3,4,4,1,3,4,5,2,6,15,5,9,7,11,9,7,18,5,10,7,11,17,18,5,7,15,27,19,34,28,25,31,29,17,38,17
" ","033 ,Harassment and related offences",45,34,16,22,37,32,23,30,28,43,36,31,63,33,45,81,82,75,74,76,104,77,78,103,102,112,100,99,98,96,100,86,96,71,78,79,112,81,64,54,70,59,53,61,55,52,50,69,79,53,54,54,40,43,42,43
" ","034 ,Assault causing harm, poisoning",144,133,121,100,150,124,106,117,136,124,133,104,136,121,134,144,121,139,142,134,111,144,147,106,126,128,119,118,119,136,130,143,139,123,145,114,112,121,114,115,119,118,94,95,90,112,112,94,97,97,126,113,113,110,118,98
" ","035 ,Other assault",312,316,303,283,297,274,297,277,308,362,360,320,311,327,358,344,327,380,499,441,401,489,530,453,452,477,440,429,363,465,419,346,401,438,395,366,416,404,395,427,349,389,412,350,351,370,404,395,365,446,487,427,375,449,398,393
" ","04 ,Dangerous or negligent acts",430,455,406,450,428,481,477,584,505,621,543,662,622,657,776,912,867,826,877,828,799,801,718,709,652,656,562,492,410,477,481,398,357,339,394,375,358,346,334,291,275,305,288,315,271,275,245,252,257,273,287,303,276,294,319,378
" ","0411 ,Dangerous driving causing serious bodily harm",0,0,1,0,0,0,1,2,1,1,1,2,1,1,1,1,1,2,1,0,0,1,0,0,0,0,1,0,0,1,0,0,1,0,1,0,0,1,0,0,1,0,0,0,0,1,0,0,0,1,0,1,1,0,0,0
" ","0412 ,Driving/in charge of a vehicle while over legal alcohol limit",407,434,390,438,409,466,448,565,472,596,510,630,581,626,749,871,817,757,813,755,724,723,637,643,538,580,495,445,365,410,423,363,328,313,351,343,320,323,296,258,222,270,265,283,251,250,228,223,234,235,249,275,246,270,289,347
" ","0413 ,Driving/in charge of a vehicle under the influence of drugs",4,1,5,3,4,4,10,5,13,11,15,15,17,10,13,17,24,28,29,38,42,34,47,37,56,40,27,15,11,24,26,17,9,12,15,11,8,6,17,12,7,20,9,9,7,9,5,9,7,11,5,7,11,9,11,9
" ","0421 ,Endangerment with potential for serious harm/death",2,2,0,0,3,1,2,1,3,2,1,2,1,0,1,0,1,4,4,2,2,1,1,0,0,1,3,1,2,0,1,0,0,2,3,2,4,1,1,2,4,0,0,2,2,1,0,4,4,4,1,1,3,6,3,3
" ","0422 ,Abandoning a child, child neglect and cruelty",9,9,8,2,6,9,10,6,9,8,13,8,16,16,10,15,18,29,26,23,20,35,25,21,39,21,28,26,19,35,12,3,13,3,12,9,19,3,10,9,29,7,9,14,6,7,3,6,7,9,8,5,7,5,7,10
" ","0423 ,Unseaworthy/dangerous use of boat or ship",0,0,0,0,0,0,0,0,0,0,0,0,0,0,0,0,0,0,0,0,0,0,0,0,0,1,0,0,0,0,2,0,0,0,0,0,0,1,1,0,0,0,0,0,0,0,0,0,0,0,0,0,0,0,0,0
" ","0424 ,False alarm/interference with aircraft or air transport facilities",0,0,0,0,0,0,0,0,0,0,0,0,0,0,0,0,0,0,0,0,0,0,0,0,0,0,0,0,1,0,0,0,0,0,1,0,0,0,0,0,0,0,0,0,0,0,0,0,0,0,0,0,0,0,0,0
" ","0425 ,Endangering traffic offences",8,9,2,7,6,1,6,5,7,3,3,5,6,4,2,8,6,6,4,10,11,7,8,8,19,13,8,5,12,7,17,15,6,9,11,10,7,11,9,10,12,8,5,7,5,7,9,10,5,13,24,14,8,4,9,9
" ","05 ,Kidnapping and related offences",4,2,2,1,2,3,2,0,0,2,3,2,7,3,3,0,3,4,3,4,3,2,2,4,7,3,4,3,3,7,4,7,1,5,4,5,3,2,4,6,3,0,6,2,1,3,1,4,5,5,4,5,5,4,4,3
" ","0511 ,False imprisonment",4,0,2,0,0,2,1,0,0,2,1,2,6,3,3,0,2,4,2,4,2,1,2,4,4,3,2,3,2,4,3,6,1,5,2,4,2,1,2,3,3,0,4,1,0,2,0,2,3,4,3,3,1,3,1,3
" ","0512 ,Abduction of person under 16 years of age",0,2,0,1,2,1,1,0,0,0,2,0,1,0,0,0,1,0,1,0,1,1,0,0,1,0,1,0,1,1,0,1,0,0,1,1,0,0,1,2,0,0,0,1,0,1,0,2,1,1,0,1,4,0,2,0
" ","0513 ,Human trafficking offences",0,0,0,0,0,0,0,0,0,0,0,0,0,0,0,0,0,0,0,0,0,0,0,0,2,0,1,0,0,2,1,0,0,0,1,0,1,1,1,1,0,0,2,0,1,0,1,0,1,0,1,1,0,1,1,0
" ","06 ,Robbery, extortion and hijacking offences",58,56,55,53,46,51,64,68,67,81,54,89,70,47,61,73,77,48,57,57,52,53,47,63,97,91,67,86,97,80,79,81,83,66,74,83,75,60,45,62,84,55,57,65,61,41,48,62,69,55,48,58,56,42,46,55
" ","0611 ,Robbery of an establishment or institution",37,36,29,33,27,25,43,41,48,63,26,55,52,34,43,45,40,19,24,32,28,31,27,44,69,55,38,48,62,44,40,48,45,34,41,47,42,25,22,30,40,29,25,42,29,17,19,35,33,20,17,30,29,15,16,32
" ","0612 ,Robbery of cash or goods in transit",4,4,2,3,1,0,3,5,2,0,0,4,0,0,0,1,0,0,0,1,2,1,2,1,1,0,2,2,1,2,1,2,0,3,3,4,4,1,1,0,1,2,0,1,1,1,0,0,2,1,1,0,1,0,0,2
" ","0613 ,Robbery from the person",16,13,22,15,18,26,18,21,15,12,25,28,15,12,16,24,31,28,30,22,18,16,14,18,25,33,24,33,31,29,33,24,33,27,28,30,27,29,18,26,35,24,31,19,27,21,27,25,30,25,27,24,23,19,24,19
" ","0621 ,Blackmail or extortion",0,1,1,0,0,0,0,0,1,1,1,0,0,0,0,0,1,0,1,1,0,3,1,0,0,0,2,1,0,1,0,3,1,0,2,1,0,1,0,3,3,0,0,1,3,0,1,0,2,5,2,3,2,3,3,1
" ","0631 ,Carjacking, hijacking/unlawful seizure of aircraft/vessel",1,2,1,2,0,0,0,1,1,5,2,2,3,1,2,3,5,1,2,1,4,2,3,0,2,3,1,2,3,4,5,4,4,2,0,1,2,4,4,3,5,0,1,2,1,2,1,2,2,4,1,1,1,5,3,1
" ","07 ,Burglary and related offences",1176,1001,1009,1259,1318,929,970,1025,1084,974,1070,1351,1405,952,954,1151,1183,890,1052,1304,1232,969,1064,1280,1100,1086,1316,1208,1214,1070,1041,1179,1291,1240,1354,1722,1563,1281,1438,1394,1223,1060,1232,1388,1204,1039,1244,1480,1446,1069,990,967,875,679,732,786
" ","0711 ,Aggravated burglary",9,10,7,9,10,8,10,9,10,10,11,16,10,7,11,12,8,7,18,16,6,15,6,21,16,10,17,19,13,21,15,23,16,15,11,15,16,9,15,8,13,9,11,11,13,11,10,17,22,7,8,10,7,8,3,7
" ","0712 ,Burglary (not aggravated)",1163,985,1000,1247,1303,918,956,1013,1071,961,1054,1333,1389,939,939,1136,1172,878,1033,1284,1220,947,1051,1252,1081,1065,1293,1181,1191,1036,1019,1142,1257,1212,1327,1686,1534,1253,1402,1365,1193,1031,1207,1369,1174,1016,1222,1450,1411,1046,976,945,853,662,715,764
" ","0713 ,Possession of an article (with intent to burgle, steal, demand)",4,6,2,3,5,3,4,3,3,3,5,2,6,6,4,3,3,5,1,4,6,7,7,7,3,11,6,8,10,13,7,14,18,13,16,21,13,19,21,21,17,20,14,8,17,12,12,13,13,16,6,12,15,9,14,15
" ","08 ,Theft and related offences",2163,2126,2142,1867,2156,2124,2181,1827,1876,2155,2515,2305,2520,2515,2458,2251,2485,2519,2595,2607,2246,2691,2703,2680,2641,2924,2756,2568,2477,2724,3050,2464,2784,2755,2926,2448,2725,2639,2418,2545,2471,2795,2992,2669,2534,2718,2980,2662,2548,2524,2579,2406,2165,1991,2018,2102
" ","081 ,Theft/taking of vehicle and related offences",338,321,351,341,408,383,430,351,363,399,447,426,403,381,382,414,409,424,478,481,443,483,573,485,547,511,507,428,429,421,442,384,496,385,426,361,412,323,299,345,345,369,314,323,321,266,326,215,246,269,224,207,192,166,165,169
" ","0821 ,Theft from person",105,97,127,84,131,128,110,94,76,111,107,100,94,86,82,80,71,75,84,59,61,61,55,67,37,64,47,52,47,63,67,35,48,53,83,53,41,46,52,60,52,52,117,72,66,76,70,58,56,42,61,63,41,36,56,52
" ","0822 ,Theft from shop",321,357,354,377,349,312,325,362,340,321,433,464,492,462,529,508,612,460,534,533,494,543,568,555,615,650,578,578,508,570,602,599,491,554,563,584,536,547,509,654,580,599,647,577,545,652,696,744,624,579,654,744,605,618,641,699
" ","084 ,Other thefts, handling stolen property",1399,1351,1310,1065,1268,1301,1316,1020,1097,1324,1528,1315,1531,1586,1465,1249,1393,1560,1499,1534,1248,1604,1507,1573,1442,1699,1624,1510,1493,1670,1939,1446,1749,1763,1854,1450,1736,1723,1558,1486,1494,1775,1914,1697,1602,1724,1888,1645,1622,1634,1640,1392,1327,1171,1156,1182
" ","09 ,Fraud, deception and related offences",198,81,76,65,179,124,136,110,141,132,101,131,113,112,127,122,199,150,229,235,153,184,162,168,194,178,154,167,187,173,142,150,259,179,179,164,192,191,202,176,173,156,133,151,205,168,156,169,180,158,167,155,178,151,161,146
" ","10 ,Controlled drug offences",233,302,470,235,217,263,682,222,349,301,1127,391,429,412,701,515,397,551,1209,551,702,756,1387,643,720,704,1101,486,448,707,1045,447,434,526,947,488,506,576,609,447,387,624,881,435,393,644,733,357,342,671,689,451,655,876,754,613
" ","1011 ,Importation of drugs",1,1,0,1,0,2,1,0,0,0,0,0,0,1,1,1,0,0,0,1,1,0,1,1,0,0,0,0,0,0,0,0,0,0,0,0,0,0,0,0,0,0,2,0,1,0,0,0,0,0,0,0,0,0,0,0
" ","1012 ,Cultivation or manufacture of drugs",0,0,1,1,1,0,1,0,1,1,2,2,4,2,6,4,1,3,8,11,2,3,12,9,9,4,13,7,13,17,19,23,20,20,31,17,22,17,19,24,14,17,17,10,10,13,18,13,4,12,11,10,13,9,15,11
" ","1021 ,Possession of drugs for sale or supply",80,80,42,56,44,51,82,53,93,71,61,74,79,65,83,85,78,82,119,98,140,131,176,130,124,104,157,98,97,117,163,83,112,87,156,126,108,96,110,70,74,106,124,99,78,112,88,56,60,90,109,90,118,106,111,110
" ","1022 ,Possession of drugs for personal use",143,212,418,170,161,198,589,159,241,217,1051,301,325,320,592,412,301,439,1061,433,542,593,1177,469,556,579,902,363,317,540,845,327,291,397,741,330,364,446,456,329,292,482,727,310,284,495,620,280,271,550,557,338,427,731,606,471
" ","103 ,Other drug offences",9,9,9,7,11,12,9,10,14,12,13,14,21,24,19,13,17,27,21,8,17,29,21,34,31,17,29,18,21,33,18,14,11,22,19,15,12,17,24,24,7,19,11,16,20,24,7,8,7,19,12,13,97,30,22,21
" ","11 ,Weapons and Explosives Offences",36,39,36,47,79,33,46,45,45,81,72,55,72,80,68,119,81,89,111,155,96,90,108,157,119,118,115,149,92,129,110,147,88,96,100,142,90,90,89,107,66,88,86,89,57,52,77,92,70,60,94,95,66,57,63,97
" ","111 ,Explosives, chemical weapons offences",0,1,0,10,0,1,0,6,0,0,1,5,0,1,2,21,1,0,0,0,1,0,1,6,1,1,1,1,0,0,0,1,3,5,1,4,3,3,2,10,1,1,0,2,1,3,4,3,1,0,1,3,1,0,2,1
" ","1121 ,Discharging a firearm",5,1,6,7,7,6,5,4,6,7,10,7,7,5,6,9,3,6,8,6,4,3,5,9,7,13,3,3,9,10,4,7,8,9,9,5,8,4,3,3,5,5,8,5,3,4,4,5,2,3,6,8,4,3,3,5
" ","1122 ,Possession of a firearm",9,11,5,7,42,4,12,9,15,42,12,3,13,16,8,14,7,15,11,21,7,16,17,16,16,14,19,19,16,13,10,8,12,9,8,11,10,4,13,8,6,6,6,5,4,3,4,6,11,8,12,5,13,5,6,9
" ","113 ,Offensive weapons offences (n.e.c.)",22,26,25,23,30,22,29,26,24,32,49,40,52,58,52,69,70,68,82,90,83,71,81,76,93,89,88,65,65,105,83,84,65,72,74,70,68,78,66,54,52,76,69,58,49,42,61,60,56,49,72,62,48,48,47,55
" ","114 ,Fireworks offences",0,0,0,0,0,0,0,0,0,0,0,0,0,0,0,6,0,0,10,38,1,0,4,50,2,1,4,61,2,1,13,47,0,1,8,52,1,1,5,32,2,0,3,19,0,0,4,18,0,0,3,17,0,1,5,27
" ","12 ,Damage to property and to the environment",1021,962,938,1037,1100,1080,1048,1061,1024,1070,1260,1534,1383,1274,1326,1454,1383,1420,1416,1595,1481,1542,1557,1623,1574,1522,1525,1442,1314,1434,1556,1440,1346,1309,1242,1354,1360,1117,1068,1099,1015,1103,1014,1100,895,957,992,1111,856,903,911,775,722,741,698,831
" ","1211 ,Arson",33,27,47,65,44,41,52,32,33,33,55,45,50,49,55,48,49,74,66,94,77,115,99,92,129,145,136,89,88,127,135,119,89,103,90,115,88,107,77,91,60,102,85,91,52,61,98,74,66,75,73,62,52,60,66,78
" ","1212 ,Criminal damage (not arson)",986,931,886,971,1048,1034,996,1027,988,1028,1195,1485,1328,1222,1267,1401,1325,1339,1343,1495,1390,1419,1444,1520,1434,1364,1380,1346,1216,1294,1414,1314,1250,1200,1142,1234,1260,1001,985,1000,949,996,922,1002,838,891,886,1033,781,825,833,709,665,677,622,745
" ","1221 ,Litter offences",2,4,5,1,8,5,0,2,3,9,10,4,5,3,4,5,9,7,7,6,14,8,14,11,11,13,9,7,10,13,7,7,7,6,10,5,12,9,6,8,6,5,7,7,5,5,8,4,9,3,5,4,5,4,10,8
" ","13 ,Public order and other social code offences",1338,1416,1200,1350,1195,1309,1287,1602,1351,1756,1877,1699,1347,1463,1636,1749,1538,1779,1771,1743,1688,1639,1700,1692,1604,1659,1590,1584,1413,1504,1651,1551,1399,1385,1384,1252,1205,1221,1214,1108,958,1037,1115,1042,942,957,934,894,726,836,862,802,785,708,746,800
" ","131 ,Disorderly conduct",1102,1128,1026,1073,939,1091,1099,1250,1066,1189,1317,1383,1131,1223,1420,1492,1311,1536,1552,1505,1417,1387,1436,1490,1369,1425,1372,1376,1131,1252,1378,1305,1165,1175,1171,1037,998,975,1004,940,781,892,896,861,796,790,773,734,578,683,712,664,663,598,636,685
" ","132 ,Trespass offences",44,30,42,42,43,39,40,45,45,55,84,59,55,78,57,85,104,127,93,119,135,147,128,111,121,144,127,105,124,152,147,128,125,118,156,131,128,167,144,110,107,115,153,123,102,110,115,86,110,110,122,84,82,80,77,62
" ","133 ,Liquor licensing offences",178,235,118,225,197,176,135,292,225,500,466,241,140,143,134,158,104,105,112,104,123,94,112,78,100,69,75,89,89,84,99,95,87,77,41,62,63,53,42,38,41,14,34,32,28,38,22,32,17,24,17,35,27,21,16,29
" ","134 ,Prostitution offences",0,0,1,0,1,0,2,1,0,0,0,2,2,1,0,2,1,0,1,0,0,0,0,0,1,0,2,1,4,0,1,1,2,3,1,2,3,1,6,2,0,2,2,0,0,4,1,5,0,2,2,2,1,0,0,4
" ","135 ,Regulated betting/money, collection/trading offences",2,4,1,2,0,1,3,2,6,5,1,7,3,6,7,4,4,6,5,7,3,6,15,10,5,11,9,9,60,9,15,12,13,4,4,7,5,8,6,5,5,6,15,17,5,6,10,10,4,9,5,5,1,3,3,5
" ","136 ,Social code offences (n.e.c.)",12,19,12,8,15,2,8,12,9,7,9,7,16,12,18,8,14,5,8,8,10,5,9,3,8,10,5,4,5,7,11,10,7,8,11,13,8,17,12,13,24,8,15,9,11,9,13,27,17,8,4,12,11,6,14,15
" ","15 ,Offences against government, justice procedures and organisation of crime",153,150,141,140,140,146,109,134,152,149,136,132,183,176,160,201,219,201,188,219,263,288,255,241,276,269,212,245,271,296,251,246,300,249,245,240,227,296,240,215,202,206,202,224,251,250,247,255,271,323,283,286,285,300,224,338
" ","151 ,Offences against government and its agents",7,1,5,4,6,0,0,5,1,0,5,1,14,3,8,3,2,3,10,2,10,5,5,3,15,11,6,3,9,9,5,2,10,13,9,4,9,5,8,3,9,7,3,1,4,8,4,13,5,7,6,2,3,9,4,4
" ","152 ,Organisation of crime and conspiracy to commit crime",2,1,0,1,0,2,1,0,0,0,0,0,1,0,1,0,0,0,1,0,0,1,1,0,0,1,0,0,0,0,2,1,0,0,0,1,0,0,0,0,0,0,0,0,0,0,0,0,0,0,0,0,0,0,0,0
" ","153 ,Perverting the course of justice",2,2,4,7,4,5,3,8,4,8,3,5,6,3,5,6,6,2,1,2,4,2,5,0,6,1,3,7,1,0,2,3,0,1,4,5,5,2,2,1,0,1,0,1,1,1,1,0,0,0,0,3,0,2,0,0
" ","157 ,Offences while in custody, breach of court orders",142,146,132,128,130,139,105,121,147,141,128,126,162,170,146,192,211,196,176,215,249,280,244,238,255,256,203,235,261,287,242,240,290,235,232,230,213,289,230,211,193,198,199,222,246,241,242,242,266,316,277,281,282,289,220,334
"5 ,South Eastern Region"
" ","01 ,Homicide offences",4,0,4,1,2,7,4,4,7,4,3,5,4,5,2,3,4,10,5,4,2,7,2,3,2,3,2,3,2,2,0,1,2,2,3,0,6,5,2,2,4,3,0,1,2,3,3,0,2,1,1,0,3,0,0,4
" ","0111 ,Murder",1,0,0,0,0,0,3,0,2,2,3,1,0,2,1,3,2,5,2,3,0,1,0,3,0,2,1,2,2,1,0,0,0,1,1,0,5,3,1,1,2,1,0,1,1,1,2,0,0,0,0,0,1,0,0,3
" ","0112 ,Manslaughter",1,0,1,0,0,1,0,0,0,0,0,0,1,0,0,0,0,2,0,0,0,1,0,0,0,0,0,1,0,0,0,0,0,0,0,0,1,0,0,0,0,0,0,0,0,0,0,0,0,0,0,0,0,0,0,0
" ","0113 ,Infanticide",0,0,0,0,0,0,0,0,0,0,0,0,0,0,0,0,0,0,0,0,0,0,0,0,0,0,0,0,0,0,0,0,0,0,0,0,0,0,0,0,0,0,0,0,0,0,0,0,0,0,0,0,0,0,0,0
" ","012 ,Dangerous driving leading to death",2,0,3,1,2,6,1,4,5,2,0,4,3,3,1,0,2,3,3,1,2,5,2,0,2,1,1,0,0,1,0,1,2,1,2,0,0,2,1,1,2,2,0,0,1,2,1,0,2,1,1,0,2,0,0,1
" ","02 ,Sexual offences",113,83,95,37,62,32,36,39,93,58,65,78,76,48,63,44,48,52,48,31,52,38,30,45,59,45,39,48,74,63,106,55,74,50,75,44,95,66,54,64,92,90,44,57,64,73,71,71,60,64,99,60,80,88,68,65
" ","021 ,Rape and sexual assault",103,71,93,36,56,30,35,37,90,56,64,76,74,45,59,43,44,48,46,27,47,34,29,42,57,42,36,41,69,56,97,55,71,46,71,41,90,56,51,63,79,83,41,55,61,72,70,67,56,54,86,55,66,82,58,54
" ","022 ,Other sexual offences",10,12,2,1,6,2,1,2,3,2,1,2,2,3,4,1,4,4,2,4,5,4,1,3,2,3,3,7,5,7,9,0,3,4,4,3,5,10,3,1,13,7,3,2,3,1,1,4,4,10,13,5,14,6,10,11
" ","03 ,Attempts/threats to murder, assaults, harassments and related offences",372,366,401,330,443,369,398,332,386,375,446,473,445,479,551,501,586,546,598,582,598,645,561,539,546,591,673,633,521,569,625,551,576,568,553,499,505,442,499,491,412,442,456,426,386,414,438,453,492,486,524,508,459,475,468,415
" ","0311 ,Murder-attempt",0,0,0,0,0,0,0,0,0,0,1,0,0,1,0,0,0,0,1,0,0,0,0,1,0,0,0,0,0,0,0,0,0,0,0,0,0,0,0,0,0,0,0,0,0,0,0,0,0,0,0,0,0,0,0,0
" ","0312 ,Murder-threat",1,0,0,0,0,0,0,0,2,1,2,0,4,0,0,2,3,3,2,5,8,3,2,4,8,2,7,9,11,5,14,8,10,12,13,10,10,5,5,6,14,10,11,8,6,9,11,12,13,17,22,20,12,17,22,17
" ","033 ,Harassment and related offences",44,35,36,16,30,29,17,13,22,21,26,31,34,44,53,44,83,58,74,81,84,83,65,59,90,70,72,75,75,65,67,60,70,48,64,60,54,54,52,51,46,51,35,42,41,38,35,45,61,32,37,38,35,35,19,30
" ","034 ,Assault causing harm, poisoning",122,113,102,91,142,107,117,72,133,93,97,92,111,115,117,103,118,102,123,124,134,145,103,124,100,130,124,129,115,124,137,107,110,115,90,105,106,83,103,97,97,95,100,98,85,84,92,112,88,117,112,104,108,115,95,96
" ","035 ,Other assault",205,218,263,223,271,233,264,247,229,260,320,350,296,319,381,352,382,383,398,372,372,414,391,351,348,389,470,420,320,375,407,376,386,393,386,324,335,300,339,337,255,286,310,278,254,283,300,284,330,320,353,346,304,308,332,272
" ","04 ,Dangerous or negligent acts",370,433,444,459,373,452,493,522,418,474,439,511,493,587,673,724,670,701,697,666,658,560,602,628,599,541,494,422,369,395,422,360,355,312,310,324,336,369,291,296,247,272,271,258,287,252,247,260,251,268,253,216,248,241,277,303
" ","0411 ,Dangerous driving causing serious bodily harm",1,1,1,0,1,0,0,1,0,1,1,0,1,1,0,0,1,3,0,0,1,1,0,0,0,2,1,0,1,1,0,0,0,0,0,0,0,0,0,0,0,0,1,0,2,1,0,0,0,0,1,0,0,1,0,0
" ","0412 ,Driving/in charge of a vehicle while over legal alcohol limit",362,421,425,450,358,438,485,511,408,456,414,504,481,565,648,711,639,643,648,632,618,504,543,560,507,462,415,373,313,363,380,331,320,281,282,300,308,351,281,275,231,251,255,241,258,232,232,239,236,251,237,201,228,216,250,285
" ","0413 ,Driving/in charge of a vehicle under the influence of drugs",1,1,2,3,1,1,0,2,1,0,4,0,0,3,2,6,1,6,7,10,23,17,30,47,63,41,39,26,28,17,17,23,18,19,14,12,16,10,3,5,7,11,6,9,14,15,6,12,7,9,7,9,6,13,6,6
" ","0421 ,Endangerment with potential for serious harm/death",2,1,2,0,2,1,0,1,2,0,1,0,3,3,4,1,0,11,2,2,0,2,0,0,2,3,1,1,1,0,1,0,2,2,3,3,2,2,0,2,1,1,2,1,1,1,3,1,1,3,1,3,3,2,3,5
" ","0422 ,Abandoning a child, child neglect and cruelty",3,8,9,3,11,9,6,3,4,13,14,5,7,14,11,5,24,26,35,17,9,33,23,14,21,28,32,12,22,11,9,0,12,4,2,5,5,3,3,6,7,3,2,6,9,3,3,5,3,0,3,1,9,8,17,0
" ","0423 ,Unseaworthy/dangerous use of boat or ship",0,0,0,0,0,0,0,0,0,0,0,0,0,0,0,0,0,0,0,0,0,0,0,0,0,0,0,0,0,0,3,0,1,2,0,0,0,0,0,1,0,0,1,0,0,0,0,0,0,0,1,0,0,0,0,0
" ","0424 ,False alarm/interference with aircraft or air transport facilities",0,0,0,0,0,0,0,0,0,0,0,0,0,0,0,0,0,0,0,0,0,0,0,0,0,0,0,0,0,0,0,0,0,0,0,0,0,0,0,0,0,0,0,0,0,0,0,0,0,0,0,0,0,0,0,0
" ","0425 ,Endangering traffic offences",1,1,5,3,0,3,2,4,3,4,5,2,1,1,8,1,5,12,5,5,7,3,6,7,6,5,6,10,4,3,12,6,2,4,9,4,5,3,4,7,1,6,4,1,3,0,3,3,4,5,3,2,2,1,1,7
" ","05 ,Kidnapping and related offences",2,4,5,2,1,2,2,3,3,2,0,4,1,2,0,2,3,1,2,6,3,0,4,3,1,4,2,2,3,6,6,1,4,1,5,2,2,4,4,4,3,2,5,2,5,1,3,2,0,3,2,5,4,8,2,2
" ","0511 ,False imprisonment",1,4,1,1,0,2,2,3,3,1,0,4,1,1,0,2,3,1,2,4,3,0,3,1,1,3,1,1,2,3,5,1,3,0,5,2,1,4,4,2,3,2,4,1,1,0,2,1,0,3,2,3,2,6,1,1
" ","0512 ,Abduction of person under 16 years of age",1,0,4,1,1,0,0,0,0,1,0,0,0,1,0,0,0,0,0,2,0,0,1,2,0,1,0,1,0,2,0,0,1,1,0,0,1,0,0,0,0,0,1,0,1,0,1,1,0,0,0,0,1,1,0,1
" ","0513 ,Human trafficking offences",0,0,0,0,0,0,0,0,0,0,0,0,0,0,0,0,0,0,0,0,0,0,0,0,0,0,1,0,1,1,1,0,0,0,0,0,0,0,0,2,0,0,0,1,3,1,0,0,0,0,0,2,1,1,1,0
" ","06 ,Robbery, extortion and hijacking offences",37,22,34,40,15,28,15,34,19,24,38,31,33,26,44,33,31,26,30,21,34,20,43,35,46,38,49,37,32,47,35,50,47,46,41,44,49,32,34,67,33,29,27,54,29,45,24,30,25,26,20,26,32,28,17,18
" ","0611 ,Robbery of an establishment or institution",9,6,20,17,3,9,8,18,11,14,17,19,18,13,24,20,16,6,11,15,21,10,17,21,22,18,23,14,18,23,12,25,20,25,17,20,31,18,17,29,11,14,9,23,12,17,6,11,11,5,6,11,10,10,4,6
" ","0612 ,Robbery of cash or goods in transit",0,0,0,1,1,0,0,0,0,0,1,0,0,0,1,0,1,1,0,0,0,0,0,0,0,0,0,0,0,0,0,0,0,0,0,0,0,0,0,0,0,1,0,0,0,0,0,0,1,0,0,0,0,0,0,0
" ","0613 ,Robbery from the person",28,16,14,20,11,19,7,16,8,9,20,11,14,13,18,13,14,18,18,6,12,9,21,13,20,18,22,21,13,21,21,20,24,21,24,24,17,13,16,37,21,12,14,28,16,24,16,19,12,19,14,14,18,17,12,11
" ","0621 ,Blackmail or extortion",0,0,0,0,0,0,0,0,0,1,0,1,0,0,0,0,0,0,0,0,1,0,2,0,2,0,1,1,0,0,1,0,1,0,0,0,0,1,0,0,0,2,1,0,1,1,0,0,0,2,0,0,2,0,1,1
" ","0631 ,Carjacking, hijacking/unlawful seizure of aircraft/vessel",0,0,0,2,0,0,0,0,0,0,0,0,1,0,1,0,0,1,1,0,0,1,3,1,2,2,3,1,1,3,1,5,2,0,0,0,1,0,1,1,1,0,3,3,0,3,2,0,1,0,0,1,2,1,0,0
" ","07 ,Burglary and related offences",671,765,698,829,895,640,653,679,780,704,770,1005,928,677,804,799,741,618,650,715,693,727,665,843,794,785,955,679,780,710,803,759,721,808,838,1001,986,719,901,988,1099,899,823,909,890,703,761,1046,999,663,653,780,551,393,426,565
" ","0711 ,Aggravated burglary",6,8,7,4,1,11,5,6,6,5,14,9,11,10,14,7,8,8,10,6,10,11,5,11,16,12,15,8,11,5,7,6,16,12,9,14,6,6,6,12,6,11,12,5,12,6,6,11,11,5,2,6,5,7,4,6
" ","0712 ,Burglary (not aggravated)",664,755,688,823,887,628,646,673,773,698,756,995,917,662,787,792,728,607,637,707,683,712,658,829,772,766,938,668,767,700,791,750,702,787,821,979,970,699,886,962,1083,878,803,893,868,689,749,1024,976,652,646,763,539,378,416,554
" ","0713 ,Possession of an article (with intent to burgle, steal, demand)",1,2,3,2,7,1,2,0,1,1,0,1,0,5,3,0,5,3,3,2,0,4,2,3,6,7,2,3,2,5,5,3,3,9,8,8,10,14,9,14,10,10,8,11,10,8,6,11,12,6,5,11,7,8,6,5
" ","08 ,Theft and related offences",1477,1413,1519,1296,1673,1334,1434,1328,1342,1345,1714,1595,1718,1695,1902,1507,1584,1698,1829,1691,1713,1852,1838,1743,1846,1909,2023,1723,1890,1928,1953,1720,1849,1946,1875,1661,1780,1822,1655,2003,1714,1820,1850,1641,1520,1702,1757,1787,1699,1739,1574,1543,1343,1443,1479,1424
" ","081 ,Theft/taking of vehicle and related offences",226,205,209,240,233,213,174,122,173,194,233,208,204,222,226,202,211,208,263,239,222,222,282,269,266,268,264,235,195,240,193,185,183,201,189,168,170,150,156,164,136,143,130,139,131,116,107,121,126,113,114,86,85,70,106,72
" ","0821 ,Theft from person",66,81,65,97,101,61,70,75,38,57,115,70,57,60,76,62,62,43,47,36,31,61,37,61,49,54,41,51,39,40,35,30,36,25,42,40,46,42,41,49,36,37,41,36,43,39,55,42,51,22,26,38,33,21,39,35
" ","0822 ,Theft from shop",374,382,396,367,395,357,439,507,438,401,472,529,523,496,586,468,427,510,494,509,510,562,531,507,495,582,563,586,576,636,551,568,530,600,639,647,571,619,542,667,513,595,662,600,527,664,623,666,635,624,620,654,556,644,610,600
" ","084 ,Other thefts, handling stolen property",811,745,849,592,944,703,751,624,693,693,894,788,934,917,1014,775,884,937,1025,907,950,1007,988,906,1036,1005,1155,851,1080,1012,1174,937,1100,1120,1005,806,993,1011,916,1123,1029,1045,1017,866,819,883,972,958,887,980,814,765,669,708,724,717
" ","09 ,Fraud, deception and related offences",144,163,132,152,172,164,73,105,126,101,120,82,57,91,76,68,126,96,102,166,116,111,103,116,120,114,128,101,148,119,122,80,113,110,120,104,158,112,113,107,101,98,113,100,107,94,90,79,144,106,148,112,92,90,109,109
" ","10 ,Controlled drug offences",385,464,474,379,375,430,459,383,495,548,483,518,457,564,454,645,716,666,524,608,666,625,748,757,814,753,667,579,590,663,714,514,503,548,566,562,484,474,393,458,341,452,427,399,336,441,471,419,328,470,320,404,392,503,531,510
" ","1011 ,Importation of drugs",3,0,1,0,2,0,1,0,0,0,0,0,0,1,1,0,0,2,1,0,0,5,1,1,0,1,5,1,1,1,0,1,0,1,2,1,1,4,1,1,1,1,3,0,2,2,0,1,0,0,1,0,0,2,2,1
" ","1012 ,Cultivation or manufacture of drugs",2,4,7,2,0,2,2,0,2,1,3,4,2,5,5,4,11,7,14,4,4,7,15,10,12,13,12,13,10,13,31,20,11,26,39,31,9,34,18,33,14,16,10,7,5,17,18,10,7,8,8,10,3,13,21,6
" ","1021 ,Possession of drugs for sale or supply",80,90,61,58,77,55,58,48,99,93,40,68,73,70,63,98,97,76,82,85,86,90,78,103,99,95,103,89,113,117,140,96,91,107,94,108,126,73,67,79,61,73,60,74,63,70,64,71,67,91,51,66,87,117,115,105
" ","1022 ,Possession of drugs for personal use",286,349,395,305,282,362,392,326,381,437,418,433,368,480,371,512,576,567,407,497,551,508,625,620,680,608,518,451,449,512,519,383,378,397,413,409,335,345,290,334,254,341,339,306,257,333,357,320,246,347,250,313,290,358,380,387
" ","103 ,Other drug offences",14,21,10,14,14,11,6,9,13,17,22,13,14,8,14,31,32,14,20,22,25,15,29,23,23,36,29,25,17,20,24,14,23,17,18,13,13,18,17,11,11,21,15,12,9,19,32,17,8,24,10,15,12,13,13,11
" ","11 ,Weapons and Explosives Offences",75,44,42,61,58,60,63,73,53,64,67,70,77,87,85,119,105,85,101,141,108,116,110,107,120,86,111,129,80,98,87,134,84,54,85,97,68,77,77,87,70,84,73,72,56,58,60,55,46,69,47,52,52,47,40,54
" ","111 ,Explosives, chemical weapons offences",0,0,1,9,0,0,0,15,1,0,3,13,1,0,1,20,1,0,0,0,0,0,3,2,1,0,0,0,0,1,2,4,1,1,0,3,2,2,0,0,0,0,0,0,0,0,1,0,2,1,0,0,0,0,0,1
" ","1121 ,Discharging a firearm",6,4,3,7,3,17,3,3,5,3,4,3,6,8,9,4,13,7,7,6,5,5,7,1,9,9,4,1,3,5,3,6,0,6,4,4,5,8,1,2,2,7,1,2,4,5,3,4,4,3,3,2,0,2,0,1
" ","1122 ,Possession of a firearm",28,9,3,10,10,7,6,8,10,8,14,12,17,14,12,24,19,13,10,13,17,16,22,16,12,8,14,8,11,12,6,8,7,4,6,7,8,6,8,10,3,9,5,7,3,6,6,8,6,8,5,6,6,4,12,5
" ","113 ,Offensive weapons offences (n.e.c.)",41,31,35,35,45,36,54,47,37,53,46,42,53,65,63,67,71,65,83,90,84,92,76,70,98,68,87,79,63,80,69,68,72,43,68,55,52,60,61,57,65,68,64,54,49,46,48,40,32,57,35,37,46,41,27,34
" ","114 ,Fireworks offences",0,0,0,0,0,0,0,0,0,0,0,0,0,0,0,4,1,0,1,32,2,3,2,18,0,1,6,41,3,0,7,48,4,0,7,28,1,1,7,18,0,0,3,9,0,1,2,3,2,0,4,7,0,0,1,13
" ","12 ,Damage to property and to the environment",663,657,673,664,887,673,673,596,773,729,922,915,1023,1106,1209,1168,1164,1130,1161,1106,1226,1146,1077,1051,1075,1086,1190,1065,1017,1109,1079,998,1002,990,978,880,878,786,841,926,767,788,733,794,705,677,626,692,725,718,694,700,565,575,605,653
" ","1211 ,Arson",25,22,35,17,32,26,18,21,39,31,38,33,28,34,61,40,57,42,56,70,63,53,65,52,98,86,112,82,78,121,57,65,70,79,71,79,63,51,60,79,43,56,59,53,46,57,51,48,70,53,57,74,34,42,51,55
" ","1212 ,Criminal damage (not arson)",637,632,636,642,849,642,653,575,732,697,882,878,990,1070,1146,1125,1096,1082,1100,1029,1157,1081,1008,987,971,994,1074,978,926,977,1013,928,924,896,899,795,810,727,778,843,723,730,667,738,655,619,572,640,651,664,635,626,530,532,552,593
" ","1221 ,Litter offences",1,3,2,5,6,5,2,0,2,1,2,4,5,2,2,3,11,6,5,7,6,12,4,12,6,6,4,5,13,11,9,5,8,15,8,6,5,8,3,4,1,2,7,3,4,1,3,4,4,1,2,0,1,1,2,5
" ","13 ,Public order and other social code offences",1381,1392,1493,1430,1370,1453,1509,1779,1523,1575,1807,1677,1589,1824,2054,2166,1921,2206,2372,1973,1811,1791,1782,1641,1486,1777,1929,1667,1367,1729,1742,1566,1460,1506,1651,1456,1382,1312,1459,1273,1112,1207,1225,1178,923,1051,1091,1041,926,964,899,942,763,859,857,845
" ","131 ,Disorderly conduct",1254,1239,1271,1204,1173,1200,1233,1439,1176,1196,1439,1359,1176,1382,1570,1619,1441,1705,1691,1672,1560,1530,1557,1438,1260,1539,1630,1449,1145,1489,1519,1389,1246,1310,1409,1288,1178,1107,1255,1106,957,1026,1038,1017,796,910,920,876,810,842,778,819,687,771,774,761
" ","132 ,Trespass offences",19,20,36,26,36,44,32,37,40,39,48,33,45,56,54,49,54,67,65,69,74,89,86,52,81,103,136,67,80,110,114,77,116,116,119,84,136,114,106,88,86,112,114,97,78,91,92,98,77,74,69,54,46,56,50,40
" ","133 ,Liquor licensing offences",95,117,162,178,153,197,220,289,299,331,300,269,349,370,401,477,406,414,590,226,170,153,121,129,134,111,115,137,126,109,84,77,92,69,104,67,54,58,74,60,53,48,45,45,41,35,54,48,26,29,34,38,21,19,23,34
" ","134 ,Prostitution offences",0,1,1,0,5,0,1,0,0,4,0,1,0,0,0,2,0,0,0,0,0,3,1,6,4,0,0,3,2,6,3,1,0,2,1,2,3,15,7,4,1,6,1,1,0,1,3,2,0,2,0,2,0,1,0,0
" ","135 ,Regulated betting/money, collection/trading offences",3,0,4,7,0,2,13,5,3,1,15,4,9,7,22,9,12,8,20,3,4,9,10,9,4,8,42,8,9,7,15,17,4,5,13,12,5,12,8,3,1,4,8,8,1,10,4,10,3,8,2,7,2,5,4,0
" ","136 ,Social code offences (n.e.c.)",10,15,19,15,3,10,10,9,5,4,5,11,10,9,7,10,8,12,6,3,3,7,7,7,3,16,6,3,5,8,7,5,2,4,5,3,6,6,9,12,14,11,19,10,7,4,18,7,10,9,16,22,7,7,6,10
" ","15 ,Offences against government, justice procedures and organisation of crime",149,162,157,180,155,116,124,138,131,145,110,151,190,193,144,178,213,204,173,187,211,207,198,218,196,209,228,251,246,287,235,253,301,251,212,185,187,159,181,160,149,142,158,159,148,161,140,174,182,241,202,176,213,272,194,178
" ","151 ,Offences against government and its agents",18,3,2,4,1,3,1,7,2,1,3,1,7,6,3,9,4,13,5,4,8,7,7,6,12,5,13,17,11,4,2,7,21,30,25,11,11,9,6,1,7,6,4,8,4,6,4,4,7,7,4,4,5,4,2,2
" ","152 ,Organisation of crime and conspiracy to commit crime",1,1,0,0,0,0,0,0,0,0,0,1,3,0,0,0,0,0,0,0,0,0,0,1,0,0,0,0,2,0,0,2,1,0,0,1,0,0,0,0,0,0,0,0,0,0,0,1,1,0,0,1,0,0,0,1
" ","153 ,Perverting the course of justice",8,8,14,5,11,9,5,11,4,7,7,4,7,6,11,8,5,9,2,1,7,1,0,4,2,0,6,2,4,2,0,6,3,2,1,1,9,1,4,3,1,2,4,3,2,6,1,2,5,7,3,3,0,11,7,2
" ","157 ,Offences while in custody, breach of court orders",122,150,141,171,143,104,118,120,125,137,100,145,173,181,130,161,204,182,166,182,196,199,191,207,182,204,209,232,229,281,233,238,276,219,186,172,167,149,171,156,141,134,150,148,142,149,135,167,169,227,195,168,208,257,185,173
"6 ,Dublin Region"
" ","01 ,Homicide offences",7,10,7,6,8,7,3,8,3,15,5,10,10,11,9,12,10,12,7,7,7,2,9,8,12,9,6,4,12,7,7,6,4,7,5,3,6,3,8,6,2,6,8,7,17,7,6,4,5,10,1,5,5,7,3,7
" ","0111 ,Murder",5,5,5,3,4,5,1,3,3,10,5,8,8,6,6,10,7,9,7,7,7,1,9,7,12,7,6,3,10,6,7,6,2,7,4,2,6,2,8,5,1,4,7,7,14,3,6,4,4,5,0,2,3,7,3,5
" ","0112 ,Manslaughter",1,3,1,2,2,0,2,4,0,1,0,2,0,1,2,0,0,1,0,0,0,1,0,1,0,1,0,0,1,0,0,0,1,0,0,1,0,1,0,1,0,1,1,0,1,0,0,0,0,1,0,0,1,0,0,0
" ","0113 ,Infanticide",0,0,0,0,0,0,0,0,0,0,0,0,0,0,0,0,0,0,0,0,0,0,0,0,0,0,0,0,0,0,0,0,0,0,0,0,0,0,0,0,0,0,0,0,0,0,0,0,0,0,0,0,0,0,0,0
" ","012 ,Dangerous driving leading to death",1,2,1,1,2,2,0,1,0,4,0,0,2,4,1,2,3,2,0,0,0,0,0,0,0,1,0,1,1,1,0,0,1,0,1,0,0,0,0,0,1,1,0,0,2,4,0,0,1,4,1,3,1,0,0,2
" ","02 ,Sexual offences",247,110,145,108,237,129,123,102,180,111,122,109,126,103,105,92,105,105,107,94,203,100,111,80,126,108,91,90,242,188,129,115,166,149,168,123,167,158,135,131,168,161,157,135,198,150,143,172,202,194,194,183,237,232,180,197
" ","021 ,Rape and sexual assault",226,93,128,98,212,115,120,96,175,105,119,107,115,98,98,88,89,98,96,86,199,93,99,76,122,99,86,83,231,168,113,103,147,132,148,116,154,138,119,125,151,152,146,130,150,135,136,163,188,173,176,158,212,196,161,176
" ","022 ,Other sexual offences",21,17,17,10,25,14,3,6,5,6,3,2,11,5,7,4,16,7,11,8,4,7,12,4,4,9,5,7,11,20,16,12,19,17,20,7,13,20,16,6,17,9,11,5,48,15,7,9,14,21,18,25,25,36,19,21
" ","03 ,Attempts/threats to murder, assaults, harassments and related offences",1073,919,852,843,985,900,995,954,922,900,961,848,1020,956,1128,1132,1112,1173,1136,1262,1267,1264,1176,1201,1168,1294,1226,1126,1312,1259,1231,1212,1359,1251,1240,1162,1202,1055,1050,1004,1037,1037,980,1059,1018,1171,1106,1238,1221,1297,1345,1361,1317,1322,1399,1372
" ","0311 ,Murder-attempt",2,0,2,0,0,0,0,0,0,0,2,2,1,1,0,1,1,0,1,0,0,1,4,0,2,1,2,1,0,1,1,2,1,2,1,0,3,1,0,0,2,2,3,2,4,3,4,2,6,1,1,2,3,2,4,4
" ","0312 ,Murder-threat",1,3,3,1,4,6,9,3,3,13,13,13,18,8,10,12,22,13,22,12,21,21,21,23,27,30,22,28,42,42,46,34,61,45,45,52,32,21,33,27,30,27,34,31,34,38,29,68,55,53,44,51,57,45,60,58
" ","033 ,Harassment and related offences",64,53,38,46,75,58,53,55,68,51,65,45,72,64,86,120,140,133,140,137,171,158,143,139,125,158,129,129,156,117,121,104,147,112,99,107,137,107,89,92,79,93,93,80,86,107,95,99,108,91,96,85,100,90,102,84
" ","034 ,Assault causing harm, poisoning",408,339,315,293,358,328,353,345,333,287,287,276,283,278,323,320,291,331,248,308,284,289,251,300,274,288,289,270,294,309,308,265,308,262,284,274,283,236,267,229,229,257,231,246,230,269,250,272,287,297,298,322,278,320,329,300
" ","035 ,Other assault",598,524,494,503,548,508,580,551,518,549,594,512,646,605,709,679,658,696,725,805,791,795,757,739,740,817,784,698,820,790,755,807,842,830,811,729,747,690,661,656,697,658,619,700,664,754,728,797,765,855,906,901,879,865,904,926
" ","04 ,Dangerous or negligent acts",742,689,740,768,700,756,722,902,898,918,948,1050,1033,1198,1155,1245,1165,1435,1476,1525,1481,1372,1260,1321,1188,1226,1066,976,883,909,800,768,712,681,643,651,670,623,552,591,485,500,453,428,418,462,448,405,395,387,401,419,409,435,389,437
" ","0411 ,Dangerous driving causing serious bodily harm",2,1,2,0,3,4,1,3,0,1,0,3,2,3,1,1,0,3,2,1,0,0,1,1,2,1,0,0,2,3,0,1,1,2,0,0,1,1,0,0,2,0,1,0,1,1,0,1,2,1,0,1,0,0,0,0
" ","0412 ,Driving/in charge of a vehicle while over legal alcohol limit",699,648,694,719,656,692,669,853,847,832,881,987,974,1115,1105,1184,1104,1350,1381,1415,1372,1246,1106,1159,1031,1044,915,827,703,792,705,630,612,589,570,575,582,527,473,529,422,428,368,377,347,391,376,356,319,334,350,361,353,372,335,363
" ","0413 ,Driving/in charge of a vehicle under the influence of drugs",9,8,5,5,4,5,4,4,5,9,4,7,6,5,5,8,6,9,8,30,33,59,74,81,79,102,90,74,79,56,49,56,57,47,32,25,40,42,24,21,22,24,24,21,26,22,19,25,30,18,16,18,15,12,8,21
" ","0421 ,Endangerment with potential for serious harm/death",7,4,8,8,8,15,14,7,11,9,17,16,10,15,9,6,4,10,5,6,3,6,6,5,18,5,6,8,0,6,9,10,7,17,9,10,6,7,8,7,6,3,14,8,7,7,9,9,10,10,14,4,6,11,8,10
" ","0422 ,Abandoning a child, child neglect and cruelty",6,15,15,15,11,16,20,18,20,47,28,18,28,32,15,32,29,39,49,35,34,26,40,44,32,43,25,34,70,35,18,34,15,14,10,19,24,23,28,17,22,30,21,10,20,26,27,9,25,9,11,18,24,30,27,28
" ","0423 ,Unseaworthy/dangerous use of boat or ship",0,0,0,0,0,0,0,0,0,0,0,0,0,0,0,0,0,0,0,0,0,0,0,0,0,0,1,0,0,0,2,0,0,0,0,0,0,0,0,0,0,1,0,0,0,0,0,0,0,2,1,0,0,0,0,0
" ","0424 ,False alarm/interference with aircraft or air transport facilities",3,1,2,2,4,5,5,3,6,4,4,0,4,5,2,1,2,1,5,12,8,14,9,8,6,6,7,2,0,2,3,0,0,0,3,1,2,3,3,0,2,1,0,1,2,0,1,0,1,0,0,1,0,1,0,1
" ","0425 ,Endangering traffic offences",16,12,14,19,14,19,9,14,9,16,14,19,9,23,18,13,20,23,26,26,31,21,24,23,20,25,22,31,29,15,14,37,20,12,19,21,15,20,16,17,9,13,25,11,15,15,16,5,8,13,9,16,11,9,11,14
" ","05 ,Kidnapping and related offences",16,8,6,5,13,5,12,3,13,7,7,15,6,10,7,7,7,10,14,8,6,5,8,9,19,22,21,15,16,19,9,9,12,7,10,9,13,15,8,12,11,8,11,14,17,14,8,15,20,20,15,15,13,12,14,9
" ","0511 ,False imprisonment",12,8,5,4,12,5,11,2,12,5,5,11,5,9,5,6,7,9,10,6,5,5,4,4,10,7,7,7,12,11,2,6,8,4,4,7,5,9,4,11,5,5,7,7,9,4,4,11,6,11,6,10,8,5,11,5
" ","0512 ,Abduction of person under 16 years of age",4,0,1,1,1,0,1,1,1,2,2,4,1,1,2,1,0,1,4,2,1,0,0,2,1,1,2,2,1,0,2,2,1,1,3,0,4,3,3,0,3,1,1,5,4,6,4,0,7,7,7,3,3,4,2,1
" ","0513 ,Human trafficking offences",0,0,0,0,0,0,0,0,0,0,0,0,0,0,0,0,0,0,0,0,0,0,4,3,8,14,12,6,3,8,5,1,3,2,3,2,4,3,1,1,3,2,3,2,4,4,0,4,7,2,2,2,2,3,1,3
" ","06 ,Robbery, extortion and hijacking offences",586,496,509,467,577,494,411,418,477,385,353,378,424,440,358,387,318,287,346,363,412,359,339,303,408,327,350,407,549,502,445,601,546,425,491,526,540,455,473,480,512,431,414,560,555,475,413,447,489,456,371,469,397,349,358,334
" ","0611 ,Robbery of an establishment or institution",216,164,168,141,216,166,155,203,252,182,127,184,217,210,116,133,120,91,110,147,167,126,102,119,189,135,113,159,181,135,95,212,197,135,156,198,226,152,148,145,202,146,117,178,210,125,114,156,198,140,118,176,145,113,95,128
" ","0612 ,Robbery of cash or goods in transit",10,12,6,7,19,14,4,9,10,9,10,3,6,6,2,3,4,3,1,6,2,2,8,4,5,2,3,5,4,2,4,2,9,6,6,7,12,15,3,8,5,8,11,9,6,4,7,3,6,2,1,3,4,8,3,6
" ","0613 ,Robbery from the person",339,310,311,291,326,297,228,189,201,183,196,177,184,210,228,234,184,187,222,199,229,209,210,160,196,172,214,227,342,349,328,366,317,269,317,305,280,270,308,296,292,267,270,361,323,319,278,263,255,284,236,275,228,214,240,189
" ","0621 ,Blackmail or extortion",4,1,9,3,2,2,1,3,2,1,2,3,1,0,1,0,2,3,2,0,0,1,0,2,0,3,0,1,2,0,0,0,2,0,0,2,3,3,1,10,2,2,5,3,2,3,1,2,3,8,6,1,5,5,9,3
" ","0631 ,Carjacking, hijacking/unlawful seizure of aircraft/vessel",17,9,15,25,14,15,23,14,12,10,18,11,16,14,11,17,8,3,11,11,14,21,19,18,18,15,20,15,20,16,18,21,21,15,12,14,19,15,13,21,11,8,11,9,14,24,13,23,27,22,10,14,15,9,11,8
" ","07 ,Burglary and related offences",2973,2616,2699,2761,3035,2379,2645,2880,2840,2480,2451,2764,2759,2299,2233,2489,2201,1803,2225,2761,2738,2238,2052,2351,2548,2344,2622,3213,2335,2409,2347,3123,2808,2355,2428,3136,3301,2290,2490,2839,2487,2237,2541,3155,2946,2561,2762,3939,3627,2572,2554,2848,2319,1929,2132,2439
" ","0711 ,Aggravated burglary",64,30,50,45,54,34,31,37,28,41,26,38,35,29,33,29,33,19,26,37,42,35,26,34,31,26,34,27,30,21,34,41,40,34,27,34,34,24,33,35,20,37,39,39,39,25,27,48,39,27,29,30,21,31,24,30
" ","0712 ,Burglary (not aggravated)",2857,2539,2603,2683,2937,2301,2578,2804,2766,2405,2398,2676,2693,2237,2134,2403,2116,1736,2125,2665,2602,2121,1914,2261,2460,2233,2503,3103,2248,2282,2197,2979,2674,2208,2284,2975,3145,2124,2357,2664,2353,2083,2374,2991,2818,2404,2622,3766,3488,2436,2417,2708,2212,1814,2019,2330
" ","0713 ,Possession of an article (with intent to burgle, steal, demand)",52,47,46,33,44,44,36,39,46,34,27,50,31,33,66,57,52,48,74,59,94,82,112,56,57,85,85,83,57,106,116,103,94,113,117,127,122,142,100,140,114,117,128,125,89,132,113,125,100,109,108,110,86,84,89,79
" ","08 ,Theft and related offences",9175,9418,9779,8867,9311,9552,9596,8583,8434,8750,9007,8670,8359,8317,8367,8227,7832,8509,8851,8786,8842,9084,8371,8055,8176,8801,8962,8374,8195,9487,8986,8887,9162,8825,9385,9361,9089,9205,9956,9479,9283,9812,10486,9982,9034,9971,9873,10334,9559,10031,9691,9380,8623,8006,8656,8967
" ","081 ,Theft/taking of vehicle and related offences",1903,1928,1847,1823,2266,2223,2126,1815,1922,1855,1899,1906,2046,1922,1726,1780,1724,1678,1723,1771,1981,1885,1688,1699,1775,1616,1596,1403,1461,1389,1410,1486,1493,1273,1196,1159,1088,994,1142,1023,1020,846,789,844,995,1048,1034,1064,935,862,824,680,734,593,657,701
" ","0821 ,Theft from person",1029,1136,1165,1033,980,949,867,788,664,697,794,622,470,516,556,491,388,411,465,466,528,820,485,433,441,419,437,473,522,528,460,495,681,572,744,842,830,950,1072,1221,1204,1219,1363,1619,1155,1202,900,1118,975,1005,1114,1421,1141,925,972,1022
" ","0822 ,Theft from shop",1872,1918,1984,2021,1858,1725,1584,1720,1716,1893,1778,1870,1914,1983,1957,2054,1913,2184,2111,2393,2315,2407,2303,2307,2210,2471,2239,2253,2320,2640,2333,2258,2078,2199,2390,2332,2122,2148,2208,2171,2091,2540,2414,2158,1934,2325,2351,2465,2542,2798,2522,2401,2485,2431,2484,2540
" ","084 ,Other thefts, handling stolen property",4371,4436,4783,3990,4207,4655,5019,4260,4132,4305,4536,4272,3929,3896,4128,3902,3807,4236,4552,4156,4018,3972,3895,3616,3750,4295,4690,4245,3892,4930,4783,4648,4910,4781,5055,5028,5049,5113,5534,5064,4968,5207,5920,5361,4950,5396,5588,5687,5107,5366,5231,4878,4263,4057,4543,4704
" ","09 ,Fraud, deception and related offences",429,236,458,389,410,242,287,275,341,349,393,527,410,393,532,587,663,647,563,641,602,546,535,499,507,527,450,446,514,503,520,525,727,527,563,584,851,659,620,563,514,602,506,539,637,556,635,575,631,631,524,621,600,534,595,566
" ","10 ,Controlled drug offences",622,849,819,743,756,850,919,755,1087,1257,1383,1107,1290,1402,1350,1360,1639,2139,1932,1936,2287,2550,2812,2478,2366,2470,2601,2040,2203,2359,2202,1784,1900,1851,1932,1626,1968,1956,1727,1606,1573,1896,1674,1351,1730,1863,1949,1616,1512,1785,1805,1492,1499,1472,1788,1361
" ","1011 ,Importation of drugs",4,6,4,9,3,13,3,6,12,9,5,5,12,6,7,9,15,8,9,13,18,6,15,14,16,7,4,10,7,3,7,5,11,11,7,8,6,8,5,1,10,5,4,7,8,4,3,2,6,4,5,2,8,5,5,3
" ","1012 ,Cultivation or manufacture of drugs",0,1,3,2,1,3,2,2,2,3,0,2,1,2,4,5,2,6,7,7,6,7,24,10,14,11,16,17,19,34,55,49,30,30,40,31,29,29,32,24,9,25,29,18,7,19,20,14,8,10,13,13,9,9,16,7
" ","1021 ,Possession of drugs for sale or supply",270,346,312,229,242,286,295,305,340,361,356,326,379,383,457,430,474,533,460,498,628,584,596,484,513,585,564,444,584,540,579,481,505,479,479,419,514,459,380,414,438,446,363,372,555,451,510,465,403,550,449,427,444,423,529,457
" ","1022 ,Possession of drugs for personal use",316,449,442,446,438,498,531,384,648,803,932,715,818,904,795,833,1058,1470,1361,1326,1543,1858,2080,1887,1720,1757,1921,1483,1503,1670,1447,1158,1302,1269,1351,1114,1346,1375,1243,1108,1062,1351,1210,906,1043,1275,1323,1060,1047,1165,1259,985,970,956,1178,847
" ","103 ,Other drug offences",32,47,58,57,72,50,88,58,85,81,90,59,80,107,87,83,90,122,95,92,92,95,97,83,103,110,96,86,90,112,114,91,52,62,55,54,73,85,67,59,54,69,68,48,117,114,93,75,48,56,79,65,68,79,60,47
" ","11 ,Weapons and Explosives Offences",241,224,253,209,242,233,236,240,253,270,338,294,299,314,386,383,297,379,387,420,423,452,473,435,429,433,452,451,437,462,461,508,443,397,414,389,366,366,331,353,298,297,317,317,267,284,307,273,274,291,280,272,259,235,202,258
" ","111 ,Explosives, chemical weapons offences",1,0,1,11,0,0,3,4,1,1,2,8,4,1,3,12,2,7,5,4,5,9,7,8,6,3,10,6,5,8,2,3,12,16,11,10,10,17,10,12,10,10,10,6,6,6,5,5,2,2,2,6,3,0,0,0
" ","1121 ,Discharging a firearm",25,19,25,19,34,19,35,39,28,34,41,35,22,24,26,36,35,33,30,25,24,20,28,23,35,27,22,13,24,17,17,22,32,18,11,18,11,16,18,27,16,10,17,29,9,14,14,19,20,15,17,21,9,15,7,12
" ","1122 ,Possession of a firearm",46,33,44,36,32,45,41,21,31,39,46,37,41,41,47,33,31,43,41,45,43,57,57,41,48,43,44,52,41,31,50,47,39,34,28,33,32,27,26,27,30,28,20,17,21,24,34,18,23,22,18,22,26,21,18,22
" ","113 ,Offensive weapons offences (n.e.c.)",169,172,183,143,176,169,157,176,193,196,249,214,232,248,310,295,229,296,309,309,349,364,373,320,338,359,373,288,363,406,381,361,359,326,350,276,312,303,265,245,240,249,264,244,230,239,251,212,229,251,240,210,221,199,176,199
" ","114 ,Fireworks offences",0,0,0,0,0,0,0,0,0,0,0,0,0,0,0,7,0,0,2,37,2,2,8,43,2,1,3,92,4,0,11,75,1,3,14,52,1,3,12,42,2,0,6,21,1,1,3,19,0,1,3,13,0,0,1,25
" ","12 ,Damage to property and to the environment",3737,3540,3290,3482,4404,3927,4398,3955,4163,3948,4080,4563,4533,4376,4189,4133,3939,3990,3953,4179,4587,4246,3753,3965,4250,4222,4043,3961,3875,3930,3711,3940,3756,3432,3258,3458,3531,3120,3273,3235,3046,2798,2686,2908,2912,2825,2673,2989,2855,2581,2463,2662,2345,2126,2178,2422
" ","1211 ,Arson",115,120,115,122,143,140,152,145,88,77,131,136,80,100,109,129,82,155,113,154,72,78,70,90,164,193,212,195,140,159,192,241,179,155,193,195,153,178,204,164,133,144,178,186,119,147,152,142,129,127,150,154,141,130,157,181
" ","1212 ,Criminal damage (not arson)",3617,3418,3169,3355,4260,3786,4240,3807,4073,3864,3941,4424,4451,4267,4070,3991,3846,3822,3829,4012,4504,4154,3675,3868,4081,4016,3824,3763,3730,3764,3508,3696,3567,3269,3060,3259,3372,2933,3062,3070,2907,2647,2501,2721,2791,2665,2516,2842,2720,2451,2312,2505,2201,1993,2018,2237
" ","1221 ,Litter offences",5,2,6,5,1,1,6,3,2,7,8,3,2,9,10,13,11,13,11,13,11,14,8,7,5,13,7,3,5,7,11,3,10,8,5,4,6,9,7,1,6,7,7,1,2,13,5,5,6,3,1,3,3,3,3,4
" ","13 ,Public order and other social code offences",3302,3699,4271,4137,3854,3961,4060,4732,4214,4372,5003,4728,4340,4817,4775,4463,4578,4733,4675,4937,5321,5484,5332,4871,4656,4826,4423,4392,4117,4648,4393,4138,4236,3765,3844,3521,3394,3279,3471,2975,2617,2821,2858,2455,2233,2374,2549,2396,2685,3133,2950,3038,2269,2090,2326,2409
" ","131 ,Disorderly conduct",2854,3060,3636,3504,3165,3206,3199,3625,3375,3343,3599,3620,3597,3994,4029,3739,3819,4009,4045,4337,4604,4727,4639,4159,3943,4102,3812,3646,3502,3842,3730,3534,3595,3165,3216,2815,2742,2668,2862,2347,2133,2338,2264,1944,1767,1899,1885,1731,1818,1985,1953,1628,1596,1543,1704,1697
" ","132 ,Trespass offences",211,221,227,180,180,266,226,221,218,227,257,263,270,324,319,317,321,361,372,333,430,466,431,371,415,465,414,457,377,549,447,364,405,400,421,324,360,372,362,290,286,278,332,291,262,315,334,304,304,332,301,300,270,246,235,268
" ","133 ,Liquor licensing offences",28,64,42,96,290,263,408,608,418,559,914,366,278,282,192,157,147,151,142,100,162,163,162,195,194,170,135,174,178,142,113,108,119,106,100,112,107,84,87,82,70,64,75,47,59,23,48,41,37,47,32,42,54,17,20,24
" ","134 ,Prostitution offences",38,50,61,32,52,72,58,25,26,16,13,12,30,16,22,10,19,20,15,13,33,39,9,19,19,17,6,12,3,23,19,27,43,25,24,18,21,14,13,11,14,11,23,19,25,21,35,15,4,7,7,4,4,1,0,0
" ","135 ,Regulated betting/money, collection/trading offences",25,30,35,77,21,29,39,77,45,45,57,46,42,63,73,59,78,101,45,82,41,45,43,64,51,38,31,65,32,45,43,50,35,36,41,42,28,35,31,36,20,40,31,27,39,23,24,30,31,44,47,32,23,10,33,49
" ","136 ,Social code offences (n.e.c.)",146,274,270,248,146,125,130,176,132,182,163,421,123,138,140,181,194,91,56,72,51,44,48,63,34,34,25,38,25,47,41,55,39,33,42,210,136,106,116,209,94,90,133,127,81,93,223,275,491,718,610,1032,322,273,334,371
" ","15 ,Offences against government, justice procedures and organisation of crime",1009,819,957,918,986,868,944,910,1100,1186,1287,1325,1349,1494,1333,1606,1871,1655,1636,1600,1936,2252,2437,1708,2004,1867,1663,1455,1786,1739,1475,1510,1493,1362,1366,1353,1627,1387,1204,1145,1166,1253,1186,1184,1265,1286,1225,1255,1411,1459,1362,1438,1624,1620,1334,1311
" ","151 ,Offences against government and its agents",17,12,10,21,12,8,12,26,16,17,17,13,14,23,11,22,28,18,82,32,25,63,25,27,121,66,53,26,35,50,23,20,20,24,31,16,11,16,21,15,15,19,14,13,10,16,15,12,8,13,15,15,19,18,12,17
" ","152 ,Organisation of crime and conspiracy to commit crime",3,0,0,0,2,1,0,1,1,1,0,1,0,1,3,1,1,2,3,0,1,3,1,1,0,0,0,0,3,1,1,3,3,2,1,11,0,1,1,0,0,1,1,0,3,0,1,0,1,1,1,2,0,0,0,0
" ","153 ,Perverting the course of justice",17,29,49,29,24,50,51,16,41,13,19,33,19,29,35,24,23,8,26,27,18,14,16,17,22,19,13,7,9,6,7,6,7,8,6,3,7,8,7,2,6,5,3,3,2,7,4,0,2,3,4,2,2,2,3,3
" ","157 ,Offences while in custody, breach of court orders",972,778,898,868,948,809,881,867,1042,1155,1251,1278,1316,1441,1284,1559,1819,1627,1525,1541,1892,2172,2395,1663,1861,1782,1597,1422,1739,1682,1444,1481,1463,1328,1328,1323,1609,1362,1175,1128,1145,1228,1168,1168,1250,1263,1205,1243,1400,1442,1342,1419,1603,1600,1319,1291

"Figures relate to information provided by the Gardai one week "
"following the end of the last quarter displayed. "
" "
" "

